_step,_runtime,_timestamp,canonical/train/active_microbatches,canonical/train/alignment_max_differing_bytes,canonical/train/commit_gradient_norm,canonical/train/effective_learning_rate,canonical/train/gradient_clip_factor,canonical/train/gradient_naive_norm_finite,canonical/train/gradient_stable_norm,canonical/train/max_abs_parameter_delta,canonical/train/overflow_safe_clip_fallback,canonical/train/parameter_changed_elements,canonical/train/segmented_loss,deepswe/train/all_env_timeout_batch,deepswe/train/all_failed_prompt_groups,deepswe/train/all_failed_prompt_ratio,deepswe/train/all_sandbox_start_timeout_batch,deepswe/train/all_solved_prompt_groups,deepswe/train/all_solved_prompt_ratio,deepswe/train/compact_filtered_prompt_groups,deepswe/train/compact_filtered_prompt_ratio,deepswe/train/compact_filtered_trajectories,deepswe/train/compact_filtered_trajectory_ratio,deepswe/train/complete_trajectory_ratio,deepswe/train/effective_prompt_groups,deepswe/train/effective_prompt_ratio,deepswe/train/env_timeout_ratio,deepswe/train/env_timeout_trajectories,deepswe/train/incomplete_prompt_groups,deepswe/train/incomplete_prompt_ratio,deepswe/train/insufficient_cpu_ratio,deepswe/train/insufficient_cpu_trajectories,deepswe/train/insufficient_memory_ratio,deepswe/train/insufficient_memory_trajectories,deepswe/train/mixed_prompt_groups,deepswe/train/mixed_prompt_ratio,deepswe/train/nonzero_advantage_ratio,deepswe/train/raw_nonzero_advantage_ratio,deepswe/train/sandbox_start_timeout_ratio,deepswe/train/sandbox_start_timeout_trajectories,deepswe/train/scheduling_gated_ratio,deepswe/train/scheduling_gated_trajectories,deepswe/train/solved_trajectories,deepswe/train/status/env_timeout_count,deepswe/train/status/env_timeout_ratio,deepswe/train/status/model_timeout_count,deepswe/train/status/model_timeout_ratio,deepswe/train/status/reward_timeout_count,deepswe/train/status/reward_timeout_ratio,deepswe/train/status/timeout_count,deepswe/train/status/timeout_ratio,deepswe/train/timeout_ratio,deepswe/train/timeout_trajectories,deepswe/train/timing/batch_completion_max_seconds,deepswe/train/timing/batch_completion_p50_seconds,deepswe/train/timing/batch_completion_p90_seconds,deepswe/train/timing/batch_completion_p99_seconds,deepswe/train/timing/batch_elapsed_seconds,deepswe/train/timing/cleanup_max_seconds,deepswe/train/timing/cleanup_p50_seconds,deepswe/train/timing/cleanup_p90_seconds,deepswe/train/timing/cleanup_p99_seconds,deepswe/train/timing/collector_start_skew_max_seconds,deepswe/train/timing/collector_start_skew_p50_seconds,deepswe/train/timing/collector_start_skew_p90_seconds,deepswe/train/timing/collector_start_skew_p99_seconds,deepswe/train/timing/environment_reset_max_seconds,deepswe/train/timing/environment_reset_p50_seconds,deepswe/train/timing/environment_reset_p90_seconds,deepswe/train/timing/environment_reset_p99_seconds,deepswe/train/timing/environment_step_max_seconds,deepswe/train/timing/environment_step_p50_seconds,deepswe/train/timing/environment_step_p90_seconds,deepswe/train/timing/environment_step_p99_seconds,deepswe/train/timing/final_reward_max_seconds,deepswe/train/timing/final_reward_p50_seconds,deepswe/train/timing/final_reward_p90_seconds,deepswe/train/timing/final_reward_p99_seconds,deepswe/train/timing/group_0_completion_seconds,deepswe/train/timing/group_1_completion_seconds,deepswe/train/timing/group_2_completion_seconds,deepswe/train/timing/group_3_completion_seconds,deepswe/train/timing/group_4_completion_seconds,deepswe/train/timing/group_5_completion_seconds,deepswe/train/timing/group_6_completion_seconds,deepswe/train/timing/group_7_completion_seconds,deepswe/train/timing/model_generation_max_seconds,deepswe/train/timing/model_generation_p50_seconds,deepswe/train/timing/model_generation_p90_seconds,deepswe/train/timing/model_generation_p99_seconds,deepswe/train/timing/sandbox_acquire_max_seconds,deepswe/train/timing/sandbox_acquire_p50_seconds,deepswe/train/timing/sandbox_acquire_p90_seconds,deepswe/train/timing/sandbox_acquire_p99_seconds,deepswe/train/timing/sandbox_start_max_seconds,deepswe/train/timing/sandbox_start_p50_seconds,deepswe/train/timing/sandbox_start_p90_seconds,deepswe/train/timing/sandbox_start_p99_seconds,deepswe/train/timing/trajectory_max_seconds,deepswe/train/timing/trajectory_p50_seconds,deepswe/train/timing/trajectory_p90_seconds,deepswe/train/timing/trajectory_p99_seconds,deepswe/train/trajectory_solve_ratio,deepswe/train/unschedulable_ratio,deepswe/train/unschedulable_trajectories,generation/train/completions/clip_ratio,generation/train/completions/max_length,generation/train/completions/max_raw_length,generation/train/completions/mean_length,generation/train/completions/mean_raw_length,generation/train/completions/min_length,generation/train/completions/min_raw_length,generation/train/prompts/max_length,generation/train/prompts/mean_length,generation/train/prompts/min_length,perf/train/global_step_time,perf/train/opt_adam_commit_seconds,perf/train/opt_optimizer_d2h_seconds,perf/train/opt_optimizer_h2d_seconds,perf/train/opt_optimizer_logical_bytes,perf/train/opt_optimizer_transaction_seconds,perf/train/rescore_b_seconds,perf/train/weight_sync_seconds,rewards/train/advantage/max,rewards/train/advantage/mean,rewards/train/advantage/min,rewards/train/advantage/std,sampler_trainer/train/logp_diff_max,sampler_trainer/train/logp_diff_mean,sampler_trainer/train/prob_diff_max,sampler_trainer/train/prob_diff_mean,sampler_trainer/train/probs_pearson_corr,trajectory/train/env_time/close_latency/max,trajectory/train/env_time/close_latency/mean,trajectory/train/env_time/close_latency/min,trajectory/train/env_time/reset_latency/max,trajectory/train/env_time/reset_latency/mean,trajectory/train/env_time/reset_latency/min,trajectory/train/env_time/step_latency/max,trajectory/train/env_time/step_latency/mean,trajectory/train/env_time/step_latency/min,trajectory/train/reward_time/reward_latency/max,trajectory/train/reward_time/reward_latency/mean,trajectory/train/reward_time/reward_latency/min,trajectory_rewards/train/max,trajectory_rewards/train/mean,trajectory_rewards/train/min,trajectory_rewards/train/sum
0,6478.972166834,1788308793.8794386,16,0,0.016462596133351326,9.999999974752427e-07,1,1,0.016462592408061028,1.9073486328125e-06,0,3665425927.0,-0.0012786162551492453,0,3,0.375,0,0,0,4,0.5,12,0.09375,0.90625,2,0.25,0,0,4,0.5,0,0,0,0,1,0.125,0.234375,0.25,0,0,0,0,4,0,0,10,0.078125,0,0,0,0,0.078125,10,1619.1780659039996,710.4966718224996,1139.512388642399,1492.7868466232005,1619.1780659039996,12.703704128000027,2.0646487755002454,2.082382484200025,9.683416535460223,2.051904334000028,1.2148966589998054,1.9163014731999284,2.0450999091700943,7.921424604999629,3.494203685499542,7.637812590000249,7.901569007609788,11.33793338200212,1.8044112065012996,3.904367897298925,9.377447757308369,4.91686899099841,1.298673265000616,4.2492703939000425,4.397680223470397,1619.1780659039996,1189.017242541,951.594587308,1451.18523121,1413.9920978219998,1005.2145050990002,1507.1405174600004,1178.1018382879993,1596.005008479996,657.692950940499,1079.2047858475992,1439.187352246755,0.5926456100005453,0.10715585250000004,0.17008142329987094,0.5628608670905034,50.79895619200033,45.42258155949958,50.22623694160038,50.28682346067013,1618.4795261239997,708.7179923854997,1137.497989719999,1491.3330500078505,0.03125,0,0,0.015625,11423,16384,2859.1875,4997.5625,0,0,1819,1819,1819,3670.8367524147034,70.11250630500035,0,0,32179744804.0,70.17387692500051,106.08075470100084,,1,-1.734723475976807e-18,-0.2,0.17320508075688773,0,0,0,0,1.0000003576278687,12.703704128000027,2.236060110703086,2.055779161999453,54.94861866700012,36.94153157567967,8.786273540000366,11.33793338200212,2.255985393304819,0,4.91686899099841,1.5869078871797129,0,1,0.03125,0,4
1,8658.804648585,1788311286.0632575,16,0,0.015627190470695496,9.999999974752427e-07,1,1,0.015627190470695496,1.9073486328125e-06,0,3672923214.0,-0.0003837483818642795,0,2,0.25,0,0,0,3,0.375,12,0.09375,0.90625,4,0.5,0,0,3,0.375,0,0,0,0,3,0.375,0.4921875,0.5,0,0,0,0,4,0,0,10,0.078125,0,0,0,0,0.078125,10,1576.1768069360005,778.0964354564994,1082.2667515367996,1555.9193092517803,1576.1768069360005,22.2020794400014,2.0648775250001563,2.088665353300894,17.615810997190863,0.8593724679994921,0.6435094290000052,0.858713552899826,0.8593187994195068,4.798882148998018,3.0530256200017902,4.543226786199375,4.7728092397611,19.08047719400929,1.8577770894980858,3.823782615098389,7.280947735186329,6.8892089309993025,1.0675011744997391,4.368899277900345,6.415594195519916,902.981457893,1321.534058834999,1284.2310653940003,1576.1768069360005,1053.6095372849995,1194.0566181850008,962.0721394020002,1525.8360906569997,1514.019898723005,732.3831632115007,1042.2116311627035,1498.471296623617,0.4679072629987786,0.18687883900020097,0.29301528539999705,0.4335725296109377,50.510005461999754,45.15234573950056,50.37524417029981,50.46070344048041,1575.3763523610014,777.6390427779997,1081.9062868716994,1555.2768385139407,0.03125,0,0,0.015625,8785,16384,3044.484375,5527.2421875,0,0,4096,4096,4096,2478.2799096107483,0.9769310730007419,0,0,32179744804.0,1.0408120500014775,127.90618658499989,13.888829609000823,1,3.469446951953614e-18,-0.06666666666666667,0.18257418583505539,0,0,0,0,1.0000001192092896,22.2020794400014,2.5929272599765625,2.0569003890013846,54.90562246100126,36.66912712307817,8.049500283999805,19.08047719400929,2.258304111898397,0,6.8892089309993025,1.9310301197422177,0,1,0.03125,0,4
2,11061.881451318,1788313466.018094,16,0,0.012235471978783607,9.999999974752427e-07,1,1,0.012235465459525585,1.9073486328125e-06,0,3671558177.0,-0.0013976225163787603,0,4,0.5,0,0,0,3,0.375,5,0.0390625,0.9609375,1,0.125,0,0,3,0.375,0,0,0,0,1,0.125,0.125,0.125,0,0,0,0,3,0,0,5,0.0390625,0,0,0,0,0.0390625,5,1365.127311672999,707.3293017894994,1045.0648731498998,1308.4163558445796,1365.127311672999,16.160806777999824,2.0648672679999436,2.0795412014009345,14.522877294219585,1.0553749150003569,0.5903389359991706,1.054720450399691,1.0553157531792932,8.256486037000286,3.5449867944998914,7.6977213647003735,8.2382104572105,11.304392709995227,1.7176744755015534,3.753031810597895,7.696694070962423,3.783721649000654,1.4301013739996051,2.6166507230001996,3.6906246732804187,1308.4838868799998,1365.127311672999,1204.1491043200003,1079.3668115330001,1164.2928741169999,905.3907425409998,1000.573483365999,1076.9551370169993,1347.077080873003,654.6470825619999,981.1966383286042,1288.6558546766105,0.6300012489991786,0.12512885950036434,0.1653838728001574,0.4342652380588164,50.320375801999035,45.142478938999375,50.18112468789968,50.226288961979265,1364.9356104029994,706.3864868219998,1044.0097027532001,1308.3280424053296,0.0234375,0,0,0,11700,15896,3236.703125,5189.953125,0,0,4096,4096,4096,2168.0422220230103,3.370689041001242,0,0,32179744804.0,3.4329133449991787,95.445303075001,13.808912141999826,0.8666666666666667,8.673617379884035e-19,-0.2,0.14719601443879746,0,0,0,0,1,16.160806777999824,2.412678275460962,2.054052572000728,57.24601486499887,38.26276495880461,8.789359716000035,11.304392709995227,2.0796837008594764,0,3.783721649000654,1.5657384417813063,0,1,0.0234375,0,3
3,13270.301251216,1788315869.0671093,15,0,0.014181026257574558,9.999999974752427e-07,1,1,0.014181024394929409,1.9073486328125e-06,0,3670095322.0,-0.0030787275172770023,0,2,0.25,0,0,0,6,0.75,7,0.0546875,0.9453125,1,0.125,0,0,6,0.75,0,0,0,0,0,0,0.1171875,0.125,0,0,0,0,1,0,0,7,0.0546875,0,0,0,0,0.0546875,7,1579.7206923299982,687.4948639025006,1239.3037436297989,1506.634594657808,1579.7206923299982,2.116020514000411,2.064302132001103,2.075145926400728,2.096193682370358,1.0974085739999282,0.6300515784996605,1.0966198016998532,1.0972980033699422,5.971481836999374,3.613614138500452,5.316411593299199,5.933192212740305,10.413267051999355,1.7798519520019909,4.838430042595792,8.4086436896954,11.650138220997178,2.1661328065001726,10.570581907199449,11.402672405889753,1128.5156959659998,1512.124175013998,1279.5765492109986,1491.7923959169984,1431.395973888999,1490.2041331819983,1579.7206923299982,1378.1518505820004,1511.5235335699945,638.3950326294971,1170.3315376351084,1476.1731397825006,0.5341528160006419,0.13167163050093222,0.22511320290032014,0.5046398601704095,50.38381931500044,45.170015600000625,50.22685159799985,50.30717817617975,1578.6329431609993,686.5856619785009,1238.2631084360996,1506.3575812208685,0.0078125,0,0,0,9066,14108,3113.828125,5350.4609375,0,0,1837,1837,1837,2390.549531698227,0.7758368520007934,0,0,32179744804.0,0.8372886830002244,97.52489595500083,11.685285819001365,1,8.673617379884035e-19,-0.06666666666666667,0.09128709291752768,0,0,0,0,0.9999997615814209,2.116020514000411,2.067086927023283,2.0562660389987286,56.905074614000114,38.14247938109378,9.475755567998931,10.413267051999355,2.2918733038356294,0,11.650138220997178,2.892499838195249,0,1,0.0078125,0,1
4,15921.900843858,1788318077.389653,16,0,0.012172372080385685,9.999999974752427e-07,1,1,0.01217237114906311,1.9073486328125e-06,0,3670595855.0,4.8762172809801996e-05,0,3,0.375,0,0,0,4,0.5,9,0.0703125,0.9296875,1,0.125,0,0,4,0.5,0,0,0,0,1,0.125,0.125,0.125,0,0,0,0,2,0,0,7,0.0546875,0,0,0,0,0.0546875,7,1391.4200294369984,723.6499557974985,1057.9196692154978,1380.5198287595795,1391.4200294369984,16.171628647000034,2.0663143660003698,2.084155260699481,15.609185041972387,0.8706848629990418,0.5955681304985774,0.869978516298579,0.8706258031493781,6.816061781999451,3.3547304025014455,6.599527175597177,6.805935951022329,14.425889861991891,1.6817169929963711,3.5846716763018778,11.49212411033702,4.98145387799741,1.0805077160002838,4.81291717909844,4.947841620401632,923.1048771089991,787.2032871029987,1387.5517907979993,1157.111192837001,1391.4200294369984,1361.5074869519995,1356.398510373001,946.1114574669991,1351.1423131629963,670.8126820770049,996.5108141464945,1320.2536273446988,0.4531006659999548,0.152188465499421,0.27117539870014296,0.4255471828292505,70.28308928800107,50.207167013999424,70.24178111969778,70.2719221187801,1390.7691761649985,723.2320477904996,1057.2688749935987,1380.0546839852595,0.015625,0,0,0.015625,7720,16384,2972.84375,5452.7421875,0,0,4096,4096,4096,2195.7301292419434,0.7941681209995295,0,0,32179744804.0,0.8564426209995872,100.62461113999962,12.302153450000333,0.9333333333333333,1.734723475976807e-18,-0.13333333333333333,0.12472191289246472,0,0,0,0,0.9999998807907104,16.171628647000034,2.524058775304752,2.0548088069990627,75.11603826400096,44.91359617562486,9.529293671999767,14.425889861991891,2.1163827194914973,0,4.98145387799741,1.7053206156483327,0,1,0.015625,0,2
5,18338.486777532,1788320729.137402,16,0,0.0093827610835433,9.999999974752427e-07,1,1,0.0093827610835433,1.9073486328125e-06,0,3669848272.0,-0.0003406140021979809,0,3,0.375,0,0,0,4,0.5,11,0.0859375,0.9140625,1,0.125,0,0,4,0.5,0,0,0,0,1,0.125,0.125,0.125,0,0,0,0,1,0,0,6,0.046875,0,0,0,0,0.046875,6,1777.4040664249987,806.8028578889989,1188.8806021538992,1703.39728757284,1777.4040664249987,16.163235220999923,2.0655236244983826,2.0743464510000194,11.584659805601994,0.8120523299985507,0.5069112199998926,0.8113391795977805,0.8119832055989537,5.4074628870002925,4.370970161000514,5.1073258576947405,5.377499086441058,14.381152885995107,1.9447337740002695,4.691850634300136,7.753033705340026,22.014589799000532,1.0746014460019069,9.501845278599244,21.18620300706196,1362.121989362,1337.6063269299993,1777.4040664249987,1675.9491141920007,1423.8091966190004,1020.8909311869975,1546.0549610259986,1713.5493516999995,1686.876039803985,750.5675902109979,1135.5350312617975,1621.1148061227216,0.5348021009995136,0.2110370355003397,0.35575341529875,0.4577021575990877,65.45276058400123,60.19867146249999,65.33657667169936,65.43060787480096,1777.0671051999998,806.690239653999,1188.3266276363995,1702.6798893839405,0.0078125,0,0,0.0390625,11994,16384,3236.7421875,6130.6328125,0,0,4096,4096,4096,2639.349731206894,0.7701603429995885,0,0,32179744804.0,0.8333877940021921,109.25855222700193,12.491095745001076,1,8.673617379884035e-19,-0.06666666666666667,0.09128709291752768,0,0,0,0,1,16.163235220999923,2.4594600626562055,2.05631363500288,72.13435148799908,50.24677979117976,10.19952497900158,14.381152885995107,2.368680220116346,0,22.014589799000532,3.4773836396016975,0,1,0.0078125,0,1
6,21227.034976611,1788323145.5820308,16,0,0.016402745619416237,9.999999974752427e-07,1,1,0.016402747482061386,1.010950654745102e-06,0,3674096354.0,-0.001387495081871748,0,0,0,0,0,0,6,0.75,9,0.0703125,0.9296875,3,0.375,0,0,6,0.75,0,0,0,0,2,0.25,0.3671875,0.375,0,0,0,0,4,0,0,6,0.046875,0,0,0,0,0.046875,6,1497.960502279002,776.9754298035004,1271.4866910170988,1472.4320759031616,1497.960502279002,16.17090590799853,2.0658835995000118,2.0805278528998317,13.062740671019181,1.2157526640003198,0.7621466150012566,1.2148820515005354,1.2156904746114379,7.257477464001568,3.3678476535005757,5.994495316802568,7.187092488199887,12.820222689002549,1.949260913510443,4.283678918408259,6.958928035803913,3.391025875000196,0.8815258224985882,2.0617763859983826,3.3048722366488072,1486.5831303570012,954.0513946150022,1308.6594904390004,1428.5979639610014,1434.1718175650021,1367.631807867001,1421.9027338279993,1497.960502279002,1460.4038771300002,742.313964727502,1203.6999719962994,1411.3511664115517,0.5003548470012902,0.17668782149848994,0.29586662250148943,0.49302949135129903,60.287704668000515,55.17561766799918,55.26969192300021,60.268342560649984,1496.7453442780024,776.4989020390003,1270.294004958898,1472.1322128294714,0.03125,0,0,0.0234375,6984,16384,3124.3515625,5883.0859375,0,0,4096,4096,4096,2404.2387747764587,0.7787266839986842,0,0,32179744804.0,0.8395958640030585,103.41570748999948,12.14944958399792,1,2.6020852139652106e-18,-0.13333333333333333,0.17950549357115014,0,0,0,0,0.999999463558197,16.17090590799853,2.3360612329454398,2.058708338998258,64.88199668299785,46.26524343372654,12.636595664000197,12.820222689002549,2.3269901084143783,0,3.391025875000196,1.1589037917812561,0,1,0.03125,0,4
7,24320.323549516,1788326034.1171963,0,0,0,9.999999974752427e-07,1,1,0,9.5367431640625e-07,0,3671313793.0,0,0,2,0.25,0,0,0,6,0.75,11,0.0859375,0.9140625,0,0,0,0,6,0.75,0,0,0,0,0,0,0,0,0,0,0,0,0,0,0,4,0.03125,0,0,0,0,0.03125,4,1894.0307461390003,963.5992929504991,1475.0194638269995,1844.559331564789,1894.0307461390003,2.156598974001099,2.0663249810004345,2.077261330297188,2.092511170419348,1.1018901329989603,0.5044541104998643,1.1010978109989082,1.1018344578182222,8.490747531996021,4.061157987996921,7.545938156799092,8.237845348971096,20.159039835998556,3.169681828498142,8.01899991060054,15.656250193729072,5.15141284299898,2.0520548519998556,3.960688195299008,5.079680818169291,1670.707298055997,1755.175221038,1530.5734716009974,1894.0307461390003,1657.7021682749983,1654.6054887030004,1620.5103362359987,1877.619208060998,1781.238652013999,886.6601494590013,1400.2687271024938,1740.7565068423207,0.9325209609996818,0.2961311699982616,0.48916145160219454,0.7589987879700858,100.63693269899886,90.39374144549947,100.47655048410088,100.57980404493948,1893.6040348679999,963.3679841310004,1474.4841564255003,1843.7071375715911,0,0,0,0.0546875,9690,16384,3298.25,7047.0859375,0,0,4096,4096,4096,2875.912497520447,0.7809194309993472,0,0,32179744804.0,0.8441409020015271,122.78953742300291,12.095839863999572,0,0,0,0,0,0,0,0,1.0000003576278687,2.156598974001099,2.0684782961953374,2.057800837999821,109.91918330800036,75.03034559792991,8.080003155002487,20.159039835998556,4.151007899773219,0,5.15141284299898,2.359196648195393,0,0,0,0,0
8,27105.613219332,1788329127.5678697,16,0,0.013908126391470432,9.999999974752427e-07,1,1,0.01390813384205103,9.5367431640625e-07,0,3672463324.0,-0.0008818880887702107,0,2,0.25,0,0,0,5,0.625,8,0.0625,0.9375,2,0.25,0,0,5,0.625,0,0,0,0,1,0.125,0.234375,0.25,0,0,0,0,3,0,0,4,0.03125,0,0,0,0,0.03125,4,2179.576237084002,986.4877167800005,1653.1516006022011,2145.5379243426223,2179.576237084002,3.1903740159978042,2.0685084460019425,2.080706361199918,2.1079323075714274,0.884964052002033,0.4708933900019474,0.8842647453009704,0.8848933608219522,7.441784271999495,2.5428291735006496,6.503760081694781,7.158983763711078,302.3775491480046,2.604004539494781,5.8276388767051674,301.56723288455834,5.391798019001726,1.3815581779999775,5.270628466199923,5.389891505910673,1676.5568721970012,1973.4524758549996,2175.5527993130017,1938.7699747660008,1911.6814502840025,2179.576237084002,2064.386595719003,1761.8323255180003,2140.1549103769976,885.2138035539992,1554.7525006074989,2045.6717117400235,0.5442344080001931,0.21190092750293843,0.3445309338007064,0.48762552938140313,105.4929186240006,75.29740052750094,100.40947755000089,104.13705976537791,2178.8795475709994,985.8310095199995,1652.6858553375992,2145.1357194487605,0.0234375,0,0,0.03125,12888,16384,3721.0078125,7094.6484375,0,0,1865,1865,1865,3081.120206594467,0.7537637089990312,0,0,32179744804.0,0.8161774309992325,123.30567737200181,12.511693001000822,1,8.673617379884035e-19,-0.13333333333333333,0.15456030825826172,0,0,0,0,1.0000001192092896,3.1903740159978042,2.079449878945269,2.058229775997461,110.73335440600204,68.4566260348906,18.40302189200156,302.3775491480046,10.033542062985248,0,5.391798019001726,2.06542057699221,0,1,0.0234375,0,3
9,30181.143947013,1788331912.7027419,16,0,0.0200125053524971,9.999999974752427e-07,1,1,0.0200125053524971,9.5367431640625e-07,0,3678732726.0,-0.001703056856058538,0,1,0.125,0,0,0,7,0.875,14,0.109375,0.890625,3,0.375,0,0,7,0.875,0,0,0,0,0,0,0.328125,0.375,0,0,0,0,4,0,0,9,0.0703125,0,0,0,0,0.0703125,9,1792.6541483649999,980.0640823880003,1494.0720453747003,1788.9336338216917,1792.6541483649999,4.007811714000127,2.0704992805003712,2.081297969499792,2.1128700282222055,0.9738310760003515,0.4832566270015377,0.9731513659018673,0.9737731112813708,7.33888592799849,3.8028117775011196,6.614272960599555,7.177989061980806,16.393517788997997,2.484457868997197,5.697259788202791,13.532621034951717,8.025510790001135,1.2688876385000185,5.445499402700807,5.780185118620466,1792.6541483649999,1791.5268235100011,1518.4526667620012,1636.5368165140026,1781.922417257003,1234.404030081001,1688.375712410998,1549.7486402450013,1771.728218819986,889.5478299690039,1395.9249572388023,1715.1406548029897,0.5805436080008803,0.2231002049993549,0.40016554740104765,0.5343333502502357,90.38331627400112,85.26676926649998,85.37166265450068,85.46713065954944,1792.5937865479973,979.5252419814988,1493.4645847270997,1788.6238120368216,0.03125,0,0,0.0390625,9203,16384,3299.53125,7135.7265625,0,0,4096,4096,4096,2772.4570755958557,0.779001230999711,0,0,32179744804.0,0.8417241729985108,122.5498260960012,12.061761065997416,1,3.469446951953614e-18,-0.13333333333333333,0.17950549357115014,0,0,0,0,1,4.007811714000127,1.9133152844220547,0.03434770700187073,95.31963442900087,68.69048762323425,8.196220104997337,16.393517788997997,3.1117337353751964,0,8.025510790001135,2.065523998124945,0,1,0.03125,0,4
10,33105.71388161,1788334988.3657682,16,0,0.013298608362674713,9.999999974752427e-07,1,1,0.01329860370606184,9.57399606704712e-07,0,3678676539.0,-0.002378616249188781,0,0,0,0,0,0,8,1,12,0.09375,0.90625,2,0.25,0,0,8,1,0,0,0,0,0,0,0.2265625,0.25,0,0,0,0,2,0,0,7,0.0546875,0,0,0,0,0.0546875,7,2078.0590634689943,977.8847099474951,1619.8382576028962,1963.2797482812193,2078.0590634689943,8.116346921000513,2.0732870164974884,2.0888235401980637,3.91388673307797,1.322977871997864,0.8758137404947774,1.322257400196395,1.322918724886913,9.191847063004388,2.867317633499624,5.451193929902365,8.958217767647875,12.668108629979542,3.0693642725091195,8.548759488979703,12.122009263828879,31.538837089996377,3.5091373470022518,29.062411526701908,31.170664545859257,2078.0590634689943,1666.692815673996,1777.1901863719977,1717.8659032729993,1665.0687037459938,1622.1381466999956,1653.6007258149984,2008.4390073350005,1987.4342371739913,857.2970437424956,1498.4433546872765,1873.5128907993346,0.43660692899720743,0.22656971250034985,0.33599675060104345,0.37118685584981,120.39865295900381,85.34928981249686,115.40730970589793,119.72941733748158,2077.895797127996,976.6809851934995,1619.2155831242992,1961.9573833058007,0.015625,0,0,0.0390625,12786,16384,3699.46875,7264.3046875,0,0,4096,4096,4096,3062.5694105625153,0.7832108490038081,0,0,32179744804.0,0.8457895269966684,123.63312530400435,12.577731597004458,1,1.734723475976807e-18,-0.06666666666666667,0.12909944487358055,0,0,0,0,0.9999995827674866,8.116346921000513,2.1432805423979744,2.0609340779992635,123.25686525499623,87.76240173266388,13.935070478000853,12.668108629979542,3.774416103421629,0,31.538837089996377,7.684161152265574,0,1,0.015625,0,2
11,36407.96596522,1788337912.8082712,16,0,0.02363966591656208,9.999999974752427e-07,1,1,0.023639654740691185,9.704381227493286e-07,0,3681861994.0,0.0015297731151804328,0,2,0.25,0,0,0,6,0.75,14,0.109375,0.890625,4,0.5,0,0,6,0.75,0,0,0,0,0,0,0.4609375,0.5,0,0,0,0,8,0,0,10,0.078125,0,0,0,0,0.078125,10,1910.6431921199983,981.8535997259969,1408.6417674401985,1815.724190689945,1910.6431921199983,6.097422368002299,2.075202406002063,2.085765070103662,2.1079503965799815,0.900665385001048,0.43590529650100507,0.8999240647979605,0.9006101342356123,8.751212830007717,2.9066862760118966,8.04697031919859,8.741583937765464,302.3678493860061,2.476957033497456,6.0436267338969625,15.260871067765041,4.630700304995116,1.7268151259959268,3.9631828668025264,4.269084149949195,1635.5772207339978,1606.176817308995,1419.466133365997,1360.7333468209981,1910.6431921199983,1717.1064633279966,1773.5439222889981,1815.8731211279955,1801.260616853011,863.7756071009899,1312.534888940514,1724.4261605880158,0.6635730690031778,0.25656361100118374,0.46669556580018245,0.6302505752605067,165.6188375290003,85.28256169099768,145.58390071349714,165.51079770559184,1910.1504732370013,981.3653480409994,1408.0550711873002,1814.934207305138,0.0625,0,0,0.03125,11567,16384,3501.734375,7007.1171875,0,0,1778,1778,1778,2911.5448620319366,0.7886727660006727,0,0,32179744804.0,0.8487200380041031,120.17354217899992,12.859498247999,1,5.204170427930421e-18,-0.26666666666666666,0.24267032964268392,0,0,0,0,0.9999997019767761,6.097422368002299,2.107194634867483,2.059940346000076,168.7545625060011,88.01275066593774,18.11953264800104,302.3678493860061,5.420547580266145,0,4.630700304995116,1.8993048296016468,0,1,0.0625,0,8
12,39724.215925887,1788341215.0509477,15,0,0.01466959435492754,9.999999974752427e-07,1,1,0.01466959249228239,9.797513484954834e-07,0,3681706645.0,-0.001652562408708036,0,1,0.125,0,0,0,7,0.875,16,0.125,0.875,2,0.25,0,0,7,0.875,0,0,0,0,0,0,0.2109375,0.25,0,0,0,0,3,0,0,7,0.0546875,0,0,0,0,0.0546875,7,2230.9604578350045,1024.1074419815013,1699.005006787703,2225.926623813222,2230.9604578350045,2.1268894410022767,2.072070641497703,2.085500702098943,2.1152749094276806,0.7186702140024863,0.4465395150000404,0.7180340314000204,0.7186134199233493,3.5446148740011267,2.184448521999002,3.1585799626031075,3.5024558435328075,14.007195835984021,2.4140926125000988,5.2516644245144555,13.2415978324906,6.455586192998453,0.927815950501099,5.939360070697876,6.34719744008944,2135.859461993001,2016.5371730690022,1634.8151549730028,2017.238062399003,2080.0412742640037,2230.9604578350045,1666.820616324003,1964.8751025570018,2203.1396929740076,899.1579512635071,1629.9638503147187,2197.1160340920715,0.6947975529983523,0.2474464609986171,0.421043121295952,0.6909347893922677,145.67429147499934,125.43156255049689,145.4402449950001,145.57622207029723,2230.7898777790033,1023.7183880664998,1698.7636799722013,2225.7558651531986,0.0234375,0,0,0.0703125,10833,16384,3483.078125,7806.703125,0,0,4096,4096,4096,3286.6021587848663,0.7793674119966454,0,0,32179744804.0,0.8406841729956795,129.9401578160032,12.785105276998365,1,8.673617379884035e-19,-0.13333333333333333,0.15456030825826172,0,0,0,0,1.0000003576278687,2.1268894410022767,2.074494402656228,2.062260928003525,149.21747695299564,96.58817346671856,7.2279487019986846,14.007195835984021,3.002559570039864,0,6.455586192998453,1.8036777777656425,0,1,0.0234375,0,3
13,42836.047472094,1788344531.4705157,16,0,0.02760487049818039,9.999999974752427e-07,1,1,0.02760487236082554,1.000240445137024e-06,0,3687174572.0,-0.003997874911874533,0,0,0,0,0,0,8,1,20,0.15625,0.84375,4,0.5,0,0,8,1,0,0,0,0,0,0,0.453125,0.5,0,0,0,0,11,0,0,10,0.078125,0,0,0,0,0.078125,10,2234.145931592,1119.8711531129993,1743.9579247917973,2173.1264718962047,2234.145931592,3.1028062159966794,2.072384664497804,2.0877449213978254,2.108956000098624,0.8704662960008136,0.47143633349696756,0.8696921168986591,0.8704062685275857,4.751929234989802,2.7337750364931708,4.534959124901798,4.672987089738963,14.922011754963023,2.706156459509657,6.8744516070932145,12.270097158413858,39.89210915900185,1.221247826499166,33.147465433403696,39.31845872007733,1861.3609034670008,1907.7573691579964,2234.145931592,2173.666134686995,2161.052506314001,1549.4054757549966,1613.7596018990007,2171.6673836099944,2129.9609855200106,1016.885822436012,1665.6011628958097,2075.7943271293348,0.6981916459990316,0.23181214849682874,0.3723619186988799,0.510298187352746,90.57647252999595,80.32195181700081,90.38227043599836,90.52394941132734,2233.873380568999,1119.4352647935011,1743.6873523094,2172.582618775045,0.0859375,0,0,0.078125,10451,16384,3585.5390625,8025.7265625,0,0,1861,1861,1861,3300.434564590454,0.7750140690041007,0,0,32179744804.0,0.835528276002151,135.3035261670011,15.541918352006178,1,8.673617379884035e-18,-0.3333333333333333,0.2718251071716682,0,0,0,0,1,3.1028062159966794,2.083179860663961,2.0628694939950947,95.00540721300058,78.45198493340638,27.24022096599947,14.922011754963023,3.3969605849769096,0,39.89210915900185,5.231592536695189,0,1,0.0859375,0,11
14,46171.942105434,1788347643.2436378,16,0,0.016317196190357208,9.999999974752427e-07,1,1,0.016317201778292656,9.909272193908691e-07,0,3688202150.0,-0.0014495744835585356,0,0,0,0,0,0,6,0.75,15,0.1171875,0.8828125,3,0.375,0,0,6,0.75,0,0,0,0,2,0.25,0.34375,0.375,0,0,0,0,3,0,0,11,0.0859375,0,0,0,0,0.0859375,11,2067.793574946001,1074.3105548139974,1589.5103318883994,1883.7239102048998,2067.793574946001,2.1228203370046685,2.071066742999392,2.0829063819983276,2.1086591718904675,0.9615841579943663,0.6016454629971122,0.9607266541985154,0.961524529225644,7.604339849996904,4.162556671493803,5.48464430349777,7.52211211128837,12.344466059003025,2.6751239845034434,5.927985486912075,8.576823001464291,7.154383688997768,3.345676311499119,5.2177754696997,6.993749171677991,1587.9358750030005,1504.1679525609943,1835.1618096179955,1877.4821951979975,1872.734578632997,2067.793574946001,1886.0324897280007,1622.0405073349975,1966.005498621038,989.861108319008,1507.0479415315938,1782.622118865878,0.5210247460054234,0.21384383349868585,0.4005626984020637,0.5109603818816686,95.29882845199609,75.24040721200072,90.2926351239992,90.43110791385254,2066.9597692290045,1073.8223157255015,1589.2083858343017,1882.8829473759752,0.0234375,0,0,0.03125,12517,16384,3605.609375,7745.625,0,0,4096,4096,4096,3096.1619534492493,0.8396395890013082,0,0,32179744804.0,0.9036368820015923,128.22625801300455,15.707063849004044,1,2.6020852139652106e-18,-0.06666666666666667,0.15811388300841897,0,0,0,0,1.000000238418579,2.1228203370046685,2.0733032520705024,2.06194407500152,100.50392790300248,70.73880969004716,18.479312526993454,12.344466059003025,3.1408082640467683,0,7.154383688997768,2.802547236335897,0,1,0.0234375,0,3
15,49384.632744049,1788350979.0365949,16,0,0.013789198361337185,9.999999974752427e-07,1,1,0.013789200223982334,9.99803887680173e-07,0,3687394614.0,-0.0022760347928851843,0,0,0,0,0,0,8,1,22,0.171875,0.828125,2,0.25,0,0,8,1,0,0,0,0,0,0,0.1953125,0.25,0,0,0,0,2,0,0,10,0.078125,0,0,0,0,0.078125,10,2176.7066557860016,1289.9578581430033,1836.2118875741019,2060.6868489445824,2176.7066557860016,2.1427801199970418,2.0725893979979446,2.0853009590995497,2.1133089052335707,1.148521969000285,0.692857392004953,1.1478752897048252,1.148458887954257,7.480601656003273,2.6589492859966413,4.683000985396939,7.435489565455282,603.833548549017,3.155687960501382,6.2820272004028075,14.626694444565016,15.020456086997001,1.5612673704963527,13.0189891536982,14.85214717096169,1890.124723593006,1974.3443548680007,1881.6360203030054,2176.7066557860016,2092.6217440140026,1955.8752594270045,1917.2893727530027,1935.8191932430054,2091.7193388599844,1146.3452346774866,1684.5797841372128,1974.4023748967797,0.5256410370056983,0.2329746305003937,0.3589820780973241,0.5121634919615463,155.4901207110015,90.37472216249807,145.59732690549717,150.715281258333,2176.1135327369993,1289.3219713299986,1835.577066045998,2060.029640888868,0.015625,0,0,0.09375,9571,16384,3589.8984375,8694.9609375,0,0,4096,4096,4096,3322.6922385692596,0.7695110569984536,0,0,32179744804.0,0.8304527500004042,139.96232859900192,15.399071137995634,1,1.734723475976807e-18,-0.06666666666666667,0.12909944487358055,0,0,0,0,1.0000001192092896,2.1427801199970418,2.075176286922215,2.060561404003238,160.5837163449978,96.34116149659405,17.468142989004264,603.833548549017,8.263462843431398,0,15.020456086997001,4.010062340124989,0,1,0.015625,0,2
16,52833.184635677,1788354191.7297094,16,0,0.01222915854305029,9.999999974752427e-07,1,1,0.012229165062308311,1.000240445137024e-06,0,3686304216.0,-0.000533963437192142,0,3,0.375,0,0,0,4,0.5,9,0.0703125,0.9296875,2,0.25,0,0,4,0.5,0,0,0,0,1,0.125,0.234375,0.25,0,0,0,0,2,0,0,7,0.0546875,0,0,0,0,0.0546875,7,2316.809174903996,850.1814938724965,1635.3496521297964,2003.0721949917972,2316.809174903996,3.9558418870001333,2.070711467498768,2.0899337049020685,2.1423108516106733,0.9398545999938506,0.46213777199591277,0.9390240077998897,0.9397949966880697,5.345151118002832,2.533424687495426,4.980082730901631,5.302430365458786,904.0150372359931,2.430505970991362,6.095346841390709,12.277339569616029,4.273981313999684,0.9485679814970354,3.2769329073977125,4.1424553850489625,1944.1109630639985,2024.8797739239963,1831.3097520999945,1752.6009580859973,2316.809174903996,1765.923434102995,1883.904406319998,1422.620920895999,1981.761901132013,786.4668691994993,1529.026250999795,1867.6711285200888,0.6985826450036257,0.21459214700007578,0.3660588766018918,0.585080499888646,105.46343045100366,85.31043969200255,105.3163445529979,105.4247024122798,2316.292100587998,849.528367226998,1634.9089148005985,2002.9157471920819,0.015625,0,0,0.015625,12033,16384,3805.671875,6564.9375,0,0,4096,4096,4096,3199.4610097408295,0.8179305779995047,0,0,32179744804.0,0.885406872999738,116.0410073009989,12.99048098899948,1,1.734723475976807e-18,-0.06666666666666667,0.12909944487358055,0,0,0,0,1,3.9558418870001333,1.67773826563257,0.03318991099513369,110.89077492800425,74.64600811405478,18.695798034998006,904.0150372359931,9.963947494688739,0,4.273981313999684,1.250773088218466,0,1,0.015625,0,2
17,56181.2933616,1788357640.2901232,16,0,0.03474222496151924,9.999999974752427e-07,1,1,0.03474223613739014,1.0263174772262573e-06,0,3690646239.0,-0.0009800316765904427,0,0,0,0,0,0,8,1,19,0.1484375,0.8515625,6,0.75,0,0,8,1,0,0,0,0,0,0,0.640625,0.75,0,0,0,0,15,0,0,8,0.0625,0,0,0,0,0.0625,8,2339.9679430670003,1344.1357976185027,1972.2708423639995,2296.1155184070612,2339.9679430670003,2.1199645060041803,2.071517758497066,2.084369436099223,2.1131738256581594,1.6475427920013317,0.9317220085031295,1.6469079071037414,1.6474841173506138,6.3543737690051785,3.899657615504111,5.2668484255977095,6.313001988698379,19.010988633017405,3.3242733045153727,7.950723951307737,12.56962172469969,5.80770356800349,1.6410216160002165,4.106553209297272,5.7768967878512925,2241.280630281006,2339.9679430670003,1946.9305799229987,2280.8097645720045,1838.138170752005,2301.723441741,1676.7855664680028,2280.953355319005,2323.671273578002,1247.0408361334958,1880.9000848890928,2224.7432397727566,0.4677209680012311,0.16331937400173047,0.28908130830313894,0.3442526952690242,120.43612712100003,100.28551943250204,120.38316332929898,120.413307529503,2339.779919075001,1343.2252435084993,1971.3677635373967,2294.9123534260266,0.1171875,0,0,0.0859375,11330,16384,3884.40625,9168.859375,0,0,4096,4096,4096,3435.4578742980957,0.7925261050040717,0,0,32179744804.0,0.8583479549997719,147.11080911599856,13.117923411002266,1,1.5612511283791264e-17,-0.26666666666666666,0.3308238873546535,0,0,0,0,1.0000001192092896,2.1199645060041803,2.073541630234388,2.0578020149987424,127.54995843300276,81.8276139854687,8.612714966999192,19.010988633017405,4.079536472664074,0,5.80770356800349,2.0711103933984987,0,1,0.1171875,0,15
18,59623.362612599,1788360988.3858583,16,0,0.023162318393588066,9.999999974752427e-07,1,1,0.02316231280565262,1.0342337191104889e-06,0,3691754868.0,-0.003498318139463663,0,0,0,0,0,0,7,0.875,17,0.1328125,0.8671875,5,0.625,0,0,7,0.875,0,0,0,0,1,0.125,0.5625,0.625,0,0,0,0,7,0,0,8,0.0625,0,0,0,0,0.0625,8,2284.4020746280003,1336.262190798505,1915.7157141812042,2248.6221727871725,2284.4020746280003,2.107432272998267,2.0718205310004123,2.0855279301023986,2.104272495670666,0.9938421730039408,0.6806265945015184,0.9931553906026238,0.993786663830615,6.292537435998383,2.614243404001172,5.072662925006443,6.241668267007481,25.47205769901484,3.595130550504109,8.704338785000436,15.975781324640634,12.192866600998968,1.7591615050005203,10.009470598204642,12.01037277830539,2015.9236421669993,2245.150072452001,2249.906374281003,2284.4020746280003,2193.611576865005,1901.0931328280058,2080.8182601750013,1949.8350706720012,2207.2322721439923,1219.4355677275162,1787.3076118799836,2186.2130396830535,0.5171697250043508,0.19751499100311776,0.3484128373980638,0.4537208628282679,150.57230974100094,95.31927749200258,140.51823829030036,149.19091288785708,2283.7947429740016,1335.9115297110002,1914.816273973204,2248.2502157736817,0.0546875,0,0,0.0703125,9365,16384,3927.4921875,8803.109375,0,0,4096,4096,4096,3335.319977045059,0.7734803759958595,0,0,32179744804.0,0.8366686920053326,143.2702288510045,12.979213402002642,1,5.204170427930421e-18,-0.13333333333333333,0.23687784005919826,0,0,0,0,0.9999995827674866,2.107432272998267,2.0587418540000044,0.1353912010017666,154.86755523200554,96.16486987792939,23.27158985699498,25.47205769901484,4.4503210600327066,0,12.192866600998968,3.5937402974219026,0,1,0.0546875,0,7
19,62958.925066232,1788364430.598693,16,0,0.02538074366748333,9.999999974752427e-07,1,1,0.025380738079547882,1.043081283569336e-06,0,3693211615.0,-0.004132252652198076,0,0,0,0,0,0,8,1,21,0.1640625,0.8359375,3,0.375,0,0,8,1,0,0,0,0,0,0,0.328125,0.375,0,0,0,0,7,0,0,10,0.078125,0,0,0,0,0.078125,10,2432.1204520989995,1151.7899445819967,1954.245628576695,2271.7288544333105,2432.1204520989995,2.112708897999255,2.072195107502921,2.084930007802177,2.1077617650297906,0.7793156650004676,0.4271651179951732,0.7783108924952102,0.7792431397880136,8.108228185010375,4.40756948950002,7.604239202399185,7.951904666160845,17.388577896010247,2.9949939100151823,6.6512927239949935,14.574633563724223,13.890868829999818,1.5545831910021661,5.191435417400498,13.748177976008156,2236.346638064002,1558.267439878,2216.8404278870003,2284.815427611,2195.730506972992,2432.1204520989995,1818.5113176879968,1950.3672111169944,2336.103162769992,1055.94627235199,1863.0586979404818,2183.5571031789814,0.6174347830019542,0.28382221199717605,0.4453894667021814,0.5436672486679163,85.46799502700014,75.57023875000232,85.32306690539626,85.36103351197212,2431.509579744001,1151.2493444440006,1953.6810123109992,2271.4312571659834,0.0546875,0,0,0.0859375,8271,16384,3541.734375,8177.53125,0,0,1833,1833,1833,3425.584479570389,0.7724312840000493,0,0,32179744804.0,0.8322483070078306,135.41804905000026,12.677034742002434,1,3.469446951953614e-18,-0.2,0.22730302828309762,0,0,0,0,1,2.112708897999255,2.074660110586251,2.062670421000803,94.02663899899926,81.32817725114046,40.8496380209981,17.388577896010247,3.5424984665235115,0,13.890868829999818,3.012772499867367,0,1,0.0546875,0,7
20,66699.475347582,1788367766.0196662,14,0,0.019035808742046356,9.999999974752427e-07,1,1,0.019035810604691505,1.041218638420105e-06,0,3692895556.0,-0.0013945319224148989,0,0,0,0,0,0,8,1,35,0.2734375,0.7265625,3,0.375,0,0,8,1,0,0,0,0,0,0,0.2421875,0.375,0,0,0,0,3,0,0,19,0.1484375,0,0,0,0,0.1484375,19,2127.6481416519964,1339.9717078904941,1888.7322513798936,2098.314360386165,2127.6481416519964,2.1415304700058186,2.07368744249834,2.0923519558011323,2.134008642733825,1.396311352000339,0.6192944984941278,1.3955812628919375,1.396245203813305,6.069028546990012,3.1189027245054604,4.767045228998176,5.955043665851264,24.13388869604387,3.5374710090036388,9.347106772982805,16.804950272480202,32.3193050819973,1.8879455809947103,6.551752642198698,31.41010080277687,1881.5462934819952,2008.097864794996,1533.1133093489916,2006.9732970769983,1965.1859915499954,2127.6481416519964,1777.6521747660008,2058.197970733003,2028.4804171439755,1250.359231130984,1810.2567276465081,2010.149229642894,0.6703489779902156,0.32723067949700635,0.5114849312114529,0.6464815815362089,95.29326454299735,75.4283419170024,85.42236752029567,90.64198234704439,2126.7826224119926,1338.5781295630004,1888.6312755765975,2097.099108317842,0.0234375,0,0,0.125,8753,16384,3517.640625,9134.09375,0,0,1928,1928,1928,3322.398445367813,0.7844797670113621,0,0,32179744804.0,0.8454666430043289,147.5973240559979,16.377132012989023,1,2.6020852139652106e-18,-0.06666666666666667,0.15811388300841897,0,0,0,0,0.9999997019767761,2.1415304700058186,2.077178750851317,2.061409191999701,98.39063527398685,79.62990078042151,56.019832513993606,24.13388869604387,4.595091470376019,0,32.3193050819973,4.3529066317887555,0,1,0.0234375,0,3
21,70236.704834497,1788371506.562141,16,0,0.023706594482064247,9.999999974752427e-07,1,1,0.023706594482064247,1.0672956705093384e-06,0,3693914136.0,-0.0007826949586160481,0,1,0.125,0,0,0,6,0.75,18,0.140625,0.859375,3,0.375,0,0,6,0.75,0,0,0,0,1,0.125,0.359375,0.375,0,0,0,0,7,0,0,5,0.0390625,0,0,0,0,0.0390625,5,2591.022376503999,1530.1389185374937,2231.226230156896,2588.247654882558,2591.022376503999,4.480132807002519,2.070224455499556,2.0804824599006677,2.110274585123843,1.1765138039918384,0.7311890759956441,1.1736252251954284,1.1742043803555133,4.127477091999026,2.9411018929968122,3.7672233867866454,4.084984339726798,21.43675124598667,3.388651288994879,9.235929134328032,16.67826010978884,30.286244497008738,2.0297158885005047,4.841597392795665,30.15955764140323,2068.977623529994,2209.64940138199,2456.5527544450015,2565.592331765991,2585.698700251989,2591.022376503999,2589.1904189240013,2313.1339187239937,2467.911720423057,1440.0315979369989,2150.5206743028903,2438.271891954774,0.5504976369993528,0.1647964529984165,0.2938182108962792,0.4913283550617054,135.67541221099964,110.34579436900822,135.47510254899535,135.65437933295004,2589.9625404149992,1529.7821100535002,2230.141570019502,2587.1862247007257,0.0546875,0,0,0.1015625,10697,16384,4260.4609375,9982.96875,0,0,1791,1791,1791,3728.0980319976807,0.7880078809976112,0,0,32179744804.0,0.8485736779985018,155.9951508630038,12.91414932400221,1,3.469446951953614e-18,-0.2,0.22730302828309762,0,0,0,0,0.9999994039535522,4.480132807002519,2.0904943691323297,2.059440570999868,141.55886281600397,96.72998858183564,9.142257003986742,21.43675124598667,4.449005670532642,0,30.286244497008738,4.639817719977373,0,1,0.0546875,0,7
