_step,rewards/train/solve_ratio,sampler_trainer/train/logp_diff_mean,sampler_trainer/train/logp_diff_max,canonical/train/alignment_max_differing_bytes
0,0.62109375,0,0,0
1,0.41796875,0,0,0
2,0.375,0,0,0
3,0.39453125,0,0,0
4,0.6015625,0,0,0
5,0.48828125,0,0,0
6,0.48046875,0,0,0
7,0.5,0,0,0
8,0.40234375,0,0,0
9,0.4765625,0,0,0
10,0.546875,0,0,0
11,0.546875,0,0,0
12,0.50390625,0,0,0
13,0.38671875,0,0,0
14,0.61328125,0,0,0
15,0.5625,0,0,0
16,0.50390625,0,0,0
17,0.578125,0,0,0
18,0.4375,0,0,0
19,0.51953125,0,0,0
20,0.578125,0,0,0
21,0.62109375,0,0,0
22,0.5859375,0,0,0
23,0.6171875,0,0,0
24,0.578125,0,0,0
25,0.65234375,0,0,0
26,0.65234375,0,0,0
27,0.53515625,0,0,0
28,0.6171875,0,0,0
29,0.64453125,0,0,0
30,0.59375,0,0,0
31,0.6640625,0,0,0
32,0.67578125,0,0,0
33,0.57421875,0,0,0
34,0.54296875,0,0,0
35,0.55859375,0,0,0
36,0.70703125,0,0,0
37,0.71875,0,0,0
38,0.55078125,0,0,0
39,0.8125,0,0,0
40,0.53515625,0,0,0
41,0.6328125,0,0,0
42,0.72265625,0,0,0
43,0.734375,0,0,0
44,0.73828125,0,0,0
45,0.6484375,0,0,0
46,0.6796875,0,0,0
47,0.71875,0,0,0
48,0.59375,0,0,0
49,0.8359375,0,0,0
50,0.671875,0,0,0
51,0.72265625,0,0,0
52,0.71484375,0,0,0
53,0.76171875,0,0,0
54,0.75390625,0,0,0
55,0.7265625,0,0,0
56,0.5078125,0,0,0
57,0.77734375,0,0,0
58,0.58203125,0,0,0
59,0.6796875,0,0,0
60,0.6796875,0,0,0
61,0.76171875,0,0,0
62,0.65625,0,0,0
63,0.6640625,0,0,0
64,0.515625,0,0,0
65,0.63671875,0,0,0
66,0.69140625,0,0,0
67,0.6171875,0,0,0
68,0.50390625,0,0,0
69,0.65625,0,0,0
70,0.57421875,0,0,0
71,0.703125,0,0,0
72,0.59375,0,0,0
73,0.59375,0,0,0
74,0.7890625,0,0,0
75,0.58203125,0,0,0
76,0.7265625,0,0,0
77,0.64453125,0,0,0
78,0.734375,0,0,0
79,0.76171875,0,0,0
80,0.6875,0,0,0
81,0.71875,0,0,0
82,0.58984375,0,0,0
83,0.625,0,0,0
84,0.734375,0,0,0
85,0.7421875,0,0,0
86,0.734375,0,0,0
87,0.63671875,0,0,0
88,0.6796875,0,0,0
89,0.78125,0,0,0
90,0.74609375,0,0,0
91,0.765625,0,0,0
92,0.6015625,0,0,0
93,0.59375,0,0,0
94,0.71875,0,0,0
95,0.58203125,0,0,0
96,0.76953125,0,0,0
97,0.70703125,0,0,0
98,0.62109375,0,0,0
99,0.6875,0,0,0
100,0.67578125,0,0,0
101,0.6640625,0,0,0
102,0.74609375,0,0,0
103,0.6640625,0,0,0
104,0.77734375,0,0,0
105,0.65234375,0,0,0
106,0.67578125,0,0,0
107,0.7421875,0,0,0
108,0.6640625,0,0,0
109,0.73046875,0,0,0
110,0.6640625,0,0,0
111,0.76953125,0,0,0
112,0.72265625,0,0,0
113,0.70703125,0,0,0
114,0.80078125,0,0,0
115,0.8515625,0,0,0
116,0.7890625,0,0,0
117,0.796875,0,0,0
118,0.87109375,0,0,0
119,0.79296875,0,0,0
120,0.7578125,0,0,0
121,0.8125,0,0,0
122,0.69921875,0,0,0
123,0.70703125,0,0,0
124,0.70703125,0,0,0
125,0.640625,0,0,0
126,0.828125,0,0,0
127,0.71484375,0,0,0
128,0.84375,0,0,0
129,0.859375,0,0,0
130,0.828125,0,0,0
131,0.73828125,0,0,0
132,0.79296875,0,0,0
133,0.875,0,0,0
134,0.8359375,0,0,0
135,0.6953125,0,0,0
136,0.84765625,0,0,0
137,0.859375,0,0,0
138,0.8515625,0,0,0
139,0.8671875,0,0,0
140,0.80859375,0,0,0
141,0.89453125,0,0,0
142,0.7421875,0,0,0
143,0.80859375,0,0,0
144,0.9140625,0,0,0
145,0.828125,0,0,0
146,0.78125,0,0,0
147,0.91796875,0,0,0
148,0.8046875,0,0,0
149,0.78515625,0,0,0
150,0.84375,0,0,0
151,0.8203125,0,0,0
152,0.8203125,0,0,0
153,0.91796875,0,0,0
154,0.7421875,0,0,0
155,0.86328125,0,0,0
156,0.8828125,0,0,0
157,0.8671875,0,0,0
158,0.734375,0,0,0
159,0.8828125,0,0,0
160,0.89453125,0,0,0
161,0.8125,0,0,0
162,0.78125,0,0,0
163,0.828125,0,0,0
164,0.921875,0,0,0
165,0.84375,0,0,0
166,0.8125,0,0,0
167,0.890625,0,0,0
168,0.828125,0,0,0
169,0.8359375,0,0,0
170,0.86328125,0,0,0
171,0.91015625,0,0,0
172,0.80078125,0,0,0
173,0.83203125,0,0,0
174,0.87109375,0,0,0
175,0.92578125,0,0,0
176,0.90234375,0,0,0
177,0.81640625,0,0,0
178,0.86328125,0,0,0
179,0.84765625,0,0,0
180,0.83203125,0,0,0
181,0.8046875,0,0,0
182,0.9140625,0,0,0
183,0.8515625,0,0,0
184,0.875,0,0,0
185,0.91015625,0,0,0
186,0.83984375,0,0,0
187,0.83984375,0,0,0
188,0.87890625,0,0,0
189,0.84765625,0,0,0
190,0.83203125,0,0,0
191,0.83984375,0,0,0
192,0.88671875,0,0,0
193,0.8671875,0,0,0
194,0.91796875,0,0,0
195,0.80859375,0,0,0
196,0.890625,0,0,0
197,0.9921875,0,0,0
198,0.86328125,0,0,0
199,0.92578125,0,0,0
