_step,_runtime,perf/train/global_step_time,perf/train/rescore_b_seconds,perf/train/weight_sync_seconds,perf/train/opt_optimizer_transaction_seconds,perf/train/opt_adam_commit_seconds,deepswe/train/incomplete_prompt_ratio,deepswe/train/effective_prompt_ratio,deepswe/train/trajectory_solve_ratio,generation/train/completions/mean_length,generation/train/completions/max_length,generation/train/completions/min_length,generation/train/completions/mean_raw_length,generation/train/completions/max_raw_length,generation/train/completions/clip_ratio,deepswe/train/timing/batch_elapsed_seconds,deepswe/train/timing/model_generation_p50_seconds,deepswe/train/timing/model_generation_max_seconds,deepswe/train/timing/sandbox_start_p50_seconds,deepswe/train/timing/sandbox_acquire_p50_seconds,deepswe/train/timing/environment_step_p50_seconds,deepswe/train/timing/environment_reset_p50_seconds,deepswe/train/timing/final_reward_p50_seconds,deepswe/train/timing/cleanup_p50_seconds,deepswe/train/timing/trajectory_p50_seconds,deepswe/train/timing/trajectory_max_seconds
0,6478.972166834,3670.8367524147034,106.08075470100084,,70.17387692500051,70.11250630500035,0.5,0.25,0.03125,2859.1875,11423,0,4997.5625,16384,0.015625,1619.1780659039996,657.692950940499,1596.005008479996,45.42258155949958,0.10715585250000004,1.8044112065012996,3.494203685499542,1.298673265000616,2.0646487755002454,708.7179923854997,1618.4795261239997
1,8658.804648585,2478.2799096107483,127.90618658499989,13.888829609000823,1.0408120500014775,0.9769310730007419,0.375,0.5,0.03125,3044.484375,8785,0,5527.2421875,16384,0.015625,1576.1768069360005,732.3831632115007,1514.019898723005,45.15234573950056,0.18687883900020097,1.8577770894980858,3.0530256200017902,1.0675011744997391,2.0648775250001563,777.6390427779997,1575.3763523610014
2,11061.881451318,2168.0422220230103,95.445303075001,13.808912141999826,3.4329133449991787,3.370689041001242,0.375,0.125,0.0234375,3236.703125,11700,0,5189.953125,15896,0,1365.127311672999,654.6470825619999,1347.077080873003,45.142478938999375,0.12512885950036434,1.7176744755015534,3.5449867944998914,1.4301013739996051,2.0648672679999436,706.3864868219998,1364.9356104029994
3,13270.301251216,2390.549531698227,97.52489595500083,11.685285819001365,0.8372886830002244,0.7758368520007934,0.75,0.125,0.0078125,3113.828125,9066,0,5350.4609375,14108,0,1579.7206923299982,638.3950326294971,1511.5235335699945,45.170015600000625,0.13167163050093222,1.7798519520019909,3.613614138500452,2.1661328065001726,2.064302132001103,686.5856619785009,1578.6329431609993
4,15921.900843858,2195.7301292419434,100.62461113999962,12.302153450000333,0.8564426209995872,0.7941681209995295,0.5,0.125,0.015625,2972.84375,7720,0,5452.7421875,16384,0.015625,1391.4200294369984,670.8126820770049,1351.1423131629963,50.207167013999424,0.152188465499421,1.6817169929963711,3.3547304025014455,1.0805077160002838,2.0663143660003698,723.2320477904996,1390.7691761649985
5,18338.486777532,2639.349731206894,109.25855222700193,12.491095745001076,0.8333877940021921,0.7701603429995885,0.5,0.125,0.0078125,3236.7421875,11994,0,6130.6328125,16384,0.0390625,1777.4040664249987,750.5675902109979,1686.876039803985,60.19867146249999,0.2110370355003397,1.9447337740002695,4.370970161000514,1.0746014460019069,2.0655236244983826,806.690239653999,1777.0671051999998
6,21227.034976611,2404.2387747764587,103.41570748999948,12.14944958399792,0.8395958640030585,0.7787266839986842,0.75,0.375,0.03125,3124.3515625,6984,0,5883.0859375,16384,0.0234375,1497.960502279002,742.313964727502,1460.4038771300002,55.17561766799918,0.17668782149848994,1.949260913510443,3.3678476535005757,0.8815258224985882,2.0658835995000118,776.4989020390003,1496.7453442780024
7,24320.323549516,2875.912497520447,122.78953742300291,12.095839863999572,0.8441409020015271,0.7809194309993472,0.75,0,0,3298.25,9690,0,7047.0859375,16384,0.0546875,1894.0307461390003,886.6601494590013,1781.238652013999,90.39374144549947,0.2961311699982616,3.169681828498142,4.061157987996921,2.0520548519998556,2.0663249810004345,963.3679841310004,1893.6040348679999
8,27105.613219332,3081.120206594467,123.30567737200181,12.511693001000822,0.8161774309992325,0.7537637089990312,0.625,0.25,0.0234375,3721.0078125,12888,0,7094.6484375,16384,0.03125,2179.576237084002,885.2138035539992,2140.1549103769976,75.29740052750094,0.21190092750293843,2.604004539494781,2.5428291735006496,1.3815581779999775,2.0685084460019425,985.8310095199995,2178.8795475709994
9,30181.143947013,2772.4570755958557,122.5498260960012,12.061761065997416,0.8417241729985108,0.779001230999711,0.875,0.375,0.03125,3299.53125,9203,0,7135.7265625,16384,0.0390625,1792.6541483649999,889.5478299690039,1771.728218819986,85.26676926649998,0.2231002049993549,2.484457868997197,3.8028117775011196,1.2688876385000185,2.0704992805003712,979.5252419814988,1792.5937865479973
10,33105.71388161,3062.5694105625153,123.63312530400435,12.577731597004458,0.8457895269966684,0.7832108490038081,1,0.25,0.015625,3699.46875,12786,0,7264.3046875,16384,0.0390625,2078.0590634689943,857.2970437424956,1987.4342371739913,85.34928981249686,0.22656971250034985,3.0693642725091195,2.867317633499624,3.5091373470022518,2.0732870164974884,976.6809851934995,2077.895797127996
11,36407.96596522,2911.5448620319366,120.17354217899992,12.859498247999,0.8487200380041031,0.7886727660006727,0.75,0.5,0.0625,3501.734375,11567,0,7007.1171875,16384,0.03125,1910.6431921199983,863.7756071009899,1801.260616853011,85.28256169099768,0.25656361100118374,2.476957033497456,2.9066862760118966,1.7268151259959268,2.075202406002063,981.3653480409994,1910.1504732370013
12,39724.215925887,3286.6021587848663,129.9401578160032,12.785105276998365,0.8406841729956795,0.7793674119966454,0.875,0.25,0.0234375,3483.078125,10833,0,7806.703125,16384,0.0703125,2230.9604578350045,899.1579512635071,2203.1396929740076,125.43156255049689,0.2474464609986171,2.4140926125000988,2.184448521999002,0.927815950501099,2.072070641497703,1023.7183880664998,2230.7898777790033
13,42836.047472094,3300.434564590454,135.3035261670011,15.541918352006178,0.835528276002151,0.7750140690041007,1,0.5,0.0859375,3585.5390625,10451,0,8025.7265625,16384,0.078125,2234.145931592,1016.885822436012,2129.9609855200106,80.32195181700081,0.23181214849682874,2.706156459509657,2.7337750364931708,1.221247826499166,2.072384664497804,1119.4352647935011,2233.873380568999
14,46171.942105434,3096.1619534492493,128.22625801300455,15.707063849004044,0.9036368820015923,0.8396395890013082,0.75,0.375,0.0234375,3605.609375,12517,0,7745.625,16384,0.03125,2067.793574946001,989.861108319008,1966.005498621038,75.24040721200072,0.21384383349868585,2.6751239845034434,4.162556671493803,3.345676311499119,2.071066742999392,1073.8223157255015,2066.9597692290045
15,49384.632744049,3322.6922385692596,139.96232859900192,15.399071137995634,0.8304527500004042,0.7695110569984536,1,0.25,0.015625,3589.8984375,9571,0,8694.9609375,16384,0.09375,2176.7066557860016,1146.3452346774866,2091.7193388599844,90.37472216249807,0.2329746305003937,3.155687960501382,2.6589492859966413,1.5612673704963527,2.0725893979979446,1289.3219713299986,2176.1135327369993
16,52833.184635677,3199.4610097408295,116.0410073009989,12.99048098899948,0.885406872999738,0.8179305779995047,0.5,0.25,0.015625,3805.671875,12033,0,6564.9375,16384,0.015625,2316.809174903996,786.4668691994993,1981.761901132013,85.31043969200255,0.21459214700007578,2.430505970991362,2.533424687495426,0.9485679814970354,2.070711467498768,849.528367226998,2316.292100587998
17,56181.2933616,3435.4578742980957,147.11080911599856,13.117923411002266,0.8583479549997719,0.7925261050040717,1,0.75,0.1171875,3884.40625,11330,0,9168.859375,16384,0.0859375,2339.9679430670003,1247.0408361334958,2323.671273578002,100.28551943250204,0.16331937400173047,3.3242733045153727,3.899657615504111,1.6410216160002165,2.071517758497066,1343.2252435084993,2339.779919075001
18,59623.362612599,3335.319977045059,143.2702288510045,12.979213402002642,0.8366686920053326,0.7734803759958595,0.875,0.625,0.0546875,3927.4921875,9365,0,8803.109375,16384,0.0703125,2284.4020746280003,1219.4355677275162,2207.2322721439923,95.31927749200258,0.19751499100311776,3.595130550504109,2.614243404001172,1.7591615050005203,2.0718205310004123,1335.9115297110002,2283.7947429740016
19,62958.925066232,3425.584479570389,135.41804905000026,12.677034742002434,0.8322483070078306,0.7724312840000493,1,0.375,0.0546875,3541.734375,8271,0,8177.53125,16384,0.0859375,2432.1204520989995,1055.94627235199,2336.103162769992,75.57023875000232,0.28382221199717605,2.9949939100151823,4.40756948950002,1.5545831910021661,2.072195107502921,1151.2493444440006,2431.509579744001
20,66699.475347582,3322.398445367813,147.5973240559979,16.377132012989023,0.8454666430043289,0.7844797670113621,1,0.375,0.0234375,3517.640625,8753,0,9134.09375,16384,0.125,2127.6481416519964,1250.359231130984,2028.4804171439755,75.4283419170024,0.32723067949700635,3.5374710090036388,3.1189027245054604,1.8879455809947103,2.07368744249834,1338.5781295630004,2126.7826224119926
21,70236.704834497,3728.0980319976807,155.9951508630038,12.91414932400221,0.8485736779985018,0.7880078809976112,0.75,0.375,0.0546875,4260.4609375,10697,0,9982.96875,16384,0.1015625,2591.022376503999,1440.0315979369989,2467.911720423057,110.34579436900822,0.1647964529984165,3.388651288994879,2.9411018929968122,2.0297158885005047,2.070224455499556,1529.7821100535002,2589.9625404149992
