ts,prompt_tok_s,gen_tok_s,running_reqs,waiting_reqs,kv_cache_pct,prefix_cache_hit_pct
2026-09-15T22:20:04.033317317Z,5230.0,106.5,29,0,0.2,0.0
2026-09-15T22:20:06.940820831Z,0.0,229.4,29,0,0.2,0.0
2026-09-15T22:20:14.034658859Z,0.0,218.8,26,0,0.2,0.0
2026-09-15T22:20:16.984934692Z,0.0,194.5,22,0,0.2,0.0
2026-09-15T22:20:24.035557832Z,2270.0,151.3,24,0,0.2,0.0
2026-09-15T22:20:27.053687534Z,0.0,187.2,22,0,0.2,0.0
2026-09-15T22:20:34.036432515Z,2381.6,183.0,22,0,0.2,0.0
2026-09-15T22:20:37.111383575Z,5624.5,183.4,29,0,0.2,0.0
2026-09-15T22:20:44.037446428Z,2160.3,144.8,43,24,0.3,0.0
2026-09-15T22:20:47.702663054Z,8382.7,195.6,64,9,0.4,0.0
2026-09-15T22:20:54.038226040Z,11326.1,345.4,93,25,0.7,0.0
2026-09-15T22:20:57.774966465Z,14605.2,752.0,120,1,0.9,0.0
2026-09-15T22:21:04.039027622Z,5234.7,926.3,123,0,0.9,0.0
2026-09-15T22:21:07.853784496Z,5323.6,939.7,120,1,0.9,0.0
2026-09-15T22:21:14.039937555Z,5454.3,886.3,121,3,0.9,0.0
2026-09-15T22:21:17.951435886Z,9976.0,907.1,121,2,1.0,0.0
2026-09-15T22:21:24.040982388Z,11072.5,831.7,120,2,1.0,0.0
2026-09-15T22:21:28.081394656Z,8243.0,876.6,116,4,1.0,0.0
2026-09-15T22:21:34.041797600Z,9893.4,849.8,118,5,1.0,0.0
2026-09-15T22:21:38.096736248Z,13998.7,876.7,117,5,1.0,0.0
2026-09-15T22:21:44.042641083Z,13689.7,787.1,111,12,1.0,0.0
2026-09-15T22:21:48.182717709Z,12882.7,797.1,111,13,1.0,0.0
2026-09-15T22:21:54.043940606Z,15188.6,778.5,117,5,1.1,0.0
2026-09-15T22:21:58.217649221Z,13161.5,839.1,111,15,1.1,0.0
2026-09-15T22:22:04.046147718Z,13807.3,777.4,113,8,1.1,0.0
2026-09-15T22:22:08.299360132Z,12704.5,818.2,111,11,1.1,0.0
2026-09-15T22:22:14.047058241Z,12617.1,745.7,111,10,1.1,0.0
2026-09-15T22:22:18.323754084Z,13800.7,798.7,108,13,1.1,0.0
2026-09-15T22:22:24.047892363Z,14872.7,782.3,109,10,1.2,0.0
2026-09-15T22:22:28.406055944Z,14112.4,776.0,108,13,1.2,0.0
2026-09-15T22:22:34.053320476Z,14146.7,775.3,111,9,1.2,0.0
2026-09-15T22:22:38.530214114Z,14559.7,767.3,107,19,1.2,0.0
2026-09-15T22:22:44.055221899Z,13774.1,739.4,106,16,1.2,0.0
2026-09-15T22:22:48.648134754Z,15682.2,756.8,106,12,1.2,0.0
2026-09-15T22:22:54.056147431Z,14836.1,723.8,106,18,1.2,0.0
2026-09-15T22:22:58.685750566Z,14119.3,767.2,107,15,1.3,0.0
2026-09-15T22:23:04.057282784Z,16140.8,739.5,104,16,1.3,0.0
2026-09-15T22:23:08.722112838Z,12196.9,712.3,108,15,1.4,0.0
2026-09-15T22:23:14.059510157Z,14400.0,756.2,112,16,1.4,0.0
2026-09-15T22:23:18.801498709Z,13806.5,764.0,106,14,1.4,0.0
2026-09-15T22:23:24.060410499Z,13563.7,738.0,107,10,1.4,0.0
2026-09-15T22:23:28.910463529Z,14635.7,789.9,112,8,1.5,0.0
2026-09-15T22:23:34.061329842Z,11176.4,761.5,108,15,1.5,0.0
2026-09-15T22:23:38.992303190Z,15477.7,780.8,110,12,1.5,0.0
2026-09-15T22:23:44.062482444Z,13689.0,780.9,113,9,1.6,0.0
2026-09-15T22:23:49.048971491Z,14716.0,807.6,117,6,1.6,0.0
2026-09-15T22:23:54.063404257Z,11504.5,836.6,121,2,1.8,0.0
2026-09-15T22:23:59.164514361Z,10528.8,866.1,121,1,1.8,0.0
2026-09-15T22:24:04.065726789Z,13682.6,773.3,117,2,1.7,0.0
2026-09-15T22:24:09.174780263Z,12723.8,784.7,114,8,1.7,0.0
2026-09-15T22:24:14.066581022Z,13570.0,793.8,114,11,1.8,0.0
2026-09-15T22:24:19.191896905Z,16648.9,815.5,117,6,1.8,0.0
2026-09-15T22:24:24.072033975Z,14504.9,771.5,111,7,1.7,0.0
2026-09-15T22:24:29.262475687Z,12603.2,768.1,112,5,1.7,0.0
2026-09-15T22:24:34.072873127Z,13400.1,742.2,109,10,1.8,0.0
2026-09-15T22:24:39.277332629Z,14935.3,734.4,106,16,1.7,0.0
2026-09-15T22:24:44.073960560Z,15420.1,706.6,104,16,1.7,0.0
2026-09-15T22:24:49.401800209Z,13552.3,680.8,96,17,1.6,0.0
2026-09-15T22:24:54.074981152Z,16259.6,628.5,96,17,1.6,0.0
2026-09-15T22:24:59.465820100Z,13278.1,675.0,100,18,1.7,0.0
2026-09-15T22:25:04.075778935Z,15729.4,684.2,103,12,1.8,0.0
2026-09-15T22:25:09.570083740Z,12215.1,708.4,106,5,1.9,0.0
2026-09-15T22:25:14.076696388Z,15501.3,720.1,104,7,1.8,0.0
2026-09-15T22:25:19.682034680Z,13883.0,723.4,101,6,1.8,0.0
2026-09-15T22:25:24.077713101Z,14915.3,681.4,98,9,1.7,0.0
2026-09-15T22:25:29.833216550Z,12540.7,679.5,95,19,1.8,0.0
2026-09-15T22:25:34.078541903Z,18817.7,654.4,100,12,1.8,0.0
2026-09-15T22:25:39.834526522Z,13595.6,713.8,103,4,1.9,0.0
2026-09-15T22:25:44.079386146Z,13527.7,698.0,106,7,2.0,0.0
2026-09-15T22:25:49.954147942Z,13377.6,709.3,99,9,1.9,0.0
2026-09-15T22:25:54.080688148Z,15033.4,676.4,101,6,1.9,0.0
2026-09-15T22:25:59.987459384Z,13752.8,681.8,97,7,1.9,0.0
2026-09-15T22:26:04.081527031Z,15809.0,660.0,100,5,2.0,0.0
2026-09-15T22:26:10.033843955Z,14203.1,694.2,104,3,2.0,0.0
2026-09-15T22:26:14.082465213Z,10603.9,658.0,99,0,2.0,0.0
2026-09-15T22:26:20.127903356Z,12246.3,692.2,99,0,2.0,0.0
2026-09-15T22:26:24.083588446Z,14643.5,638.1,98,5,2.0,0.0
2026-09-15T22:26:30.245822896Z,15554.2,667.3,96,3,2.0,0.0
2026-09-15T22:26:34.085524159Z,14119.8,649.8,98,2,2.0,0.0
2026-09-15T22:26:40.336021487Z,10793.9,649.4,93,0,2.0,0.0
2026-09-15T22:26:44.092078191Z,7651.3,623.5,91,0,2.0,0.0
2026-09-15T22:26:50.363255408Z,17701.6,630.0,91,1,2.0,0.0
2026-09-15T22:26:54.103873054Z,12290.0,602.9,88,1,1.9,0.0
2026-09-15T22:27:00.382106651Z,14761.1,585.2,87,2,1.9,0.0
2026-09-15T22:27:04.105059556Z,11372.8,551.7,86,3,1.9,0.0
2026-09-15T22:27:10.389057963Z,11086.2,587.2,83,1,1.9,0.0
2026-09-15T22:27:14.107071419Z,10017.2,551.7,83,2,1.9,0.0
2026-09-15T22:27:20.421897945Z,12257.6,576.7,84,0,2.0,0.0
2026-09-15T22:27:24.113350571Z,11957.3,541.5,82,0,1.9,0.0
2026-09-15T22:27:30.524443575Z,11353.4,517.8,81,2,1.8,0.0
2026-09-15T22:27:34.114290804Z,14423.7,549.6,78,0,1.9,0.0
2026-09-15T22:27:40.554239147Z,7419.8,546.3,76,0,1.9,0.0
2026-09-15T22:27:44.115102716Z,9773.3,542.3,81,0,1.9,0.0
2026-09-15T22:27:50.579731339Z,7578.6,515.9,74,0,1.8,0.0
2026-09-15T22:27:54.116016619Z,14908.2,495.7,76,0,1.9,0.0
2026-09-15T22:28:00.590240162Z,14263.3,498.1,77,3,1.9,0.0
2026-09-15T22:28:04.116909931Z,14572.4,495.1,72,0,1.9,0.0
2026-09-15T22:28:10.702965122Z,11088.7,486.5,72,0,1.8,0.0
2026-09-15T22:28:14.117964854Z,14925.5,514.5,70,0,1.9,0.0
2026-09-15T22:28:20.799400312Z,0.0,488.5,67,0,1.7,0.0
2026-09-15T22:28:24.121583357Z,16213.5,459.4,65,0,1.7,0.0
2026-09-15T22:28:30.857701983Z,8842.1,464.4,69,0,1.7,0.0
2026-09-15T22:28:34.122807549Z,9300.7,437.7,65,0,1.8,0.0
2026-09-15T22:28:40.921708655Z,11797.9,454.2,62,0,1.7,0.0
2026-09-15T22:28:44.124016922Z,3382.8,461.6,61,0,1.7,0.0
2026-09-15T22:28:50.971879076Z,9098.5,404.2,63,0,1.7,0.0
2026-09-15T22:28:54.124788554Z,14806.0,376.2,62,1,1.6,0.0
2026-09-15T22:29:01.096651106Z,8694.0,398.4,60,0,1.6,0.0
2026-09-15T22:29:04.126471607Z,13768.5,390.8,57,0,1.6,0.0
2026-09-15T22:29:11.171504347Z,5702.6,390.8,60,0,1.6,0.0
2026-09-15T22:29:14.128347970Z,10634.8,373.4,56,0,1.6,0.0
2026-09-15T22:29:21.301404536Z,11906.6,381.8,53,0,1.6,0.0
2026-09-15T22:29:24.129433302Z,0.0,356.8,56,0,1.5,0.0
2026-09-15T22:29:31.354034338Z,10810.5,337.9,50,0,1.5,0.0
2026-09-15T22:29:34.130536295Z,16528.9,358.0,49,0,1.5,0.0
2026-09-15T22:29:41.368919070Z,5108.3,320.9,44,0,1.3,0.0
2026-09-15T22:29:44.131696948Z,10907.4,321.4,41,0,1.3,0.0
2026-09-15T22:29:51.450829791Z,8907.5,287.2,40,0,1.2,0.0
2026-09-15T22:29:54.132744200Z,0.0,271.5,45,0,1.2,0.0
2026-09-15T22:30:01.526067142Z,8692.1,276.6,45,0,1.2,0.0
2026-09-15T22:30:04.133990143Z,2568.1,249.3,41,0,1.2,0.0
2026-09-15T22:30:11.647597572Z,9553.2,288.4,35,0,1.1,0.0
2026-09-15T22:30:14.134819605Z,0.0,230.0,39,0,1.0,0.0
2026-09-15T22:30:21.672587524Z,8861.5,239.6,30,0,1.0,0.0
2026-09-15T22:30:24.135747178Z,0.0,205.0,37,0,1.0,0.0
2026-09-15T22:30:31.707114276Z,8948.7,238.7,33,0,1.1,0.0
2026-09-15T22:30:34.136663251Z,0.0,231.7,30,0,1.0,0.0
2026-09-15T22:30:41.743252268Z,5004.4,209.6,32,0,1.0,0.0
2026-09-15T22:30:44.137954263Z,12365.3,221.3,30,0,1.0,0.0
2026-09-15T22:30:51.864642708Z,0.0,204.2,33,0,1.0,0.0
2026-09-15T22:30:54.138801446Z,15921.3,192.6,29,0,0.9,0.0
2026-09-15T22:31:01.880720990Z,3921.2,206.3,34,0,0.9,0.0
2026-09-15T22:31:04.139627469Z,2675.3,192.1,32,0,1.0,0.0
2026-09-15T22:31:11.945868131Z,8150.8,223.3,27,0,0.8,0.0
2026-09-15T22:31:14.140392121Z,0.0,204.6,26,0,0.8,0.0
2026-09-15T22:31:21.979932023Z,0.0,175.8,29,0,0.8,0.0
2026-09-15T22:31:24.142344314Z,15332.2,157.2,27,0,0.9,0.0
2026-09-15T22:31:32.031938144Z,5477.8,203.4,24,0,0.8,0.0
2026-09-15T22:31:34.143382666Z,0.0,169.1,22,0,0.7,0.0
2026-09-15T22:31:42.133113095Z,1664.4,143.2,24,0,0.8,0.0
2026-09-15T22:31:44.144359979Z,16542.8,152.1,23,0,0.8,0.0
2026-09-15T22:31:52.157591337Z,2953.3,163.5,19,0,0.7,0.0
2026-09-15T22:31:54.145350332Z,0.0,143.4,19,0,0.7,0.0
2026-09-15T22:32:02.257380507Z,0.0,148.4,18,0,0.6,0.0
2026-09-15T22:32:04.146421084Z,0.0,133.4,18,0,0.6,0.0
2026-09-15T22:32:12.374477707Z,8053.6,146.2,23,0,0.8,0.0
2026-09-15T22:32:14.147464597Z,0.0,164.1,22,0,0.7,0.0
2026-09-15T22:32:22.481731367Z,0.0,150.1,18,0,0.6,0.0
2026-09-15T22:32:24.148581559Z,0.0,136.8,17,0,0.6,0.0
2026-09-15T22:32:32.585855898Z,778.6,98.5,17,0,0.6,0.0
2026-09-15T22:32:34.151145592Z,29386.5,94.6,17,0,0.6,0.0
2026-09-15T22:32:42.693441568Z,2681.6,121.0,14,0,0.5,0.0
2026-09-15T22:32:44.152338744Z,0.0,104.2,13,0,0.5,0.0
2026-09-15T22:32:52.765967270Z,0.0,92.9,11,0,0.4,0.0
2026-09-15T22:32:54.158551659Z,0.0,68.9,10,0,0.4,0.0
2026-09-15T22:33:02.858605723Z,7822.5,94.7,15,0,0.5,0.0
2026-09-15T22:33:04.159464664Z,0.0,115.3,15,0,0.5,0.0
2026-09-15T22:33:12.957585466Z,0.0,105.9,13,0,0.4,0.0
2026-09-15T22:33:14.160706839Z,0.0,97.3,13,0,0.4,0.0
2026-09-15T22:33:23.052301779Z,0.0,81.8,9,0,0.3,0.0
2026-09-15T22:33:24.166704644Z,0.0,56.5,9,0,0.3,0.0
2026-09-15T22:33:33.114811502Z,5349.8,83.4,12,0,0.4,0.0
2026-09-15T22:33:34.172780949Z,0.0,90.7,12,0,0.4,0.0
2026-09-15T22:33:43.180873626Z,0.0,86.1,11,0,0.4,0.0
2026-09-15T22:33:44.173619313Z,0.0,63.5,11,0,0.4,0.0
2026-09-15T22:33:53.255354859Z,1934.6,70.9,7,0,0.2,0.0
2026-09-15T22:33:54.174440599Z,0.0,49.0,6,0,0.2,0.0
2026-09-15T22:34:03.309744903Z,0.0,43.2,4,0,0.1,0.0
2026-09-15T22:34:04.175456054Z,0.0,25.4,3,0,0.1,0.0
2026-09-15T22:34:13.418014766Z,0.0,23.4,10,0,0.2,0.0
2026-09-15T22:34:14.176931769Z,0.0,19.8,10,0,0.3,0.0
2026-09-15T22:34:23.501677919Z,6611.7,64.1,9,0,0.3,0.0
2026-09-15T22:34:24.177991784Z,0.0,66.5,9,0,0.3,0.0
2026-09-15T22:34:33.556591663Z,0.0,64.0,8,0,0.3,0.0
2026-09-15T22:34:34.178857729Z,0.0,51.4,8,0,0.3,0.0
2026-09-15T22:34:43.665707355Z,3928.7,45.6,8,0,0.3,0.0
2026-09-15T22:34:44.179648534Z,0.0,62.3,8,0,0.3,0.0
2026-09-15T22:34:53.722052889Z,0.0,62.9,8,0,0.3,0.0
2026-09-15T22:34:54.181037729Z,0.0,52.3,8,0,0.3,0.0
2026-09-15T22:35:03.788368913Z,940.9,58.6,7,0,0.2,0.0
2026-09-15T22:35:04.182145864Z,0.0,53.3,7,0,0.2,0.0
2026-09-15T22:35:13.848053387Z,813.7,49.0,7,0,0.2,0.0
2026-09-15T22:35:14.183145249Z,0.0,35.8,7,0,0.2,0.0
2026-09-15T22:35:23.891705690Z,927.4,48.6,6,0,0.2,0.0
2026-09-15T22:35:24.183830874Z,0.0,41.1,6,0,0.2,0.0
2026-09-15T22:35:33.935785455Z,0.0,41.6,6,0,0.2,0.0
2026-09-15T22:35:34.184749829Z,0.0,16.1,6,0,0.2,0.0
2026-09-15T22:35:43.998377088Z,2810.3,41.3,6,0,0.2,0.0
2026-09-15T22:35:44.185740714Z,0.0,32.0,6,0,0.2,0.0
2026-09-15T22:35:54.037418523Z,0.0,47.5,6,0,0.2,0.0
2026-09-15T22:35:54.186543049Z,0.0,40.2,6,0,0.2,0.0
2026-09-15T22:36:04.112809266Z,1928.2,35.4,6,0,0.2,0.0
2026-09-15T22:36:04.187347784Z,0.0,0.0,6,0,0.2,0.0
2026-09-15T22:36:14.171103090Z,1925.3,42.6,6,0,0.2,0.0
2026-09-15T22:36:14.188887579Z,0.0,0.0,6,0,0.2,0.0
2026-09-15T22:36:24.189817854Z,980.0,42.5,6,0,0.2,0.0
2026-09-15T22:36:24.232466093Z,0.0,140.4,6,0,0.2,0.0
2026-09-15T22:36:34.190826920Z,0.0,43.5,6,0,0.2,0.0
2026-09-15T22:36:34.285674827Z,0.0,52.7,6,0,0.2,0.0
2026-09-15T22:36:44.191673575Z,1081.5,45.0,6,0,0.2,0.0
2026-09-15T22:36:44.408238379Z,0.0,55.4,6,0,0.2,0.0
2026-09-15T22:36:54.192843990Z,0.0,35.5,5,0,0.2,0.0
2026-09-15T22:36:54.461328633Z,0.0,44.7,5,0,0.2,0.0
2026-09-15T22:37:04.193938025Z,897.0,36.7,5,0,0.2,0.0
2026-09-15T22:37:04.510311538Z,0.0,37.9,5,0,0.2,0.0
2026-09-15T22:37:14.195163910Z,2230.4,30.5,5,0,0.2,0.0
2026-09-15T22:37:14.598794111Z,0.0,39.6,5,0,0.2,0.0
2026-09-15T22:37:24.196444055Z,1071.9,35.9,5,0,0.2,0.0
2026-09-15T22:37:24.651567014Z,0.0,43.9,5,0,0.2,0.0
2026-09-15T22:37:34.197585330Z,0.0,36.7,5,0,0.2,0.0
2026-09-15T22:37:34.697761619Z,0.0,32.0,5,0,0.2,0.0
2026-09-15T22:37:44.198946075Z,1179.2,35.6,5,0,0.2,0.0
2026-09-15T22:37:44.754646172Z,0.0,36.0,5,0,0.2,0.0
2026-09-15T22:37:54.200380390Z,2087.8,30.7,5,0,0.2,0.0
2026-09-15T22:37:54.818002836Z,0.0,32.4,5,0,0.2,0.0
2026-09-15T22:38:04.201278095Z,1136.5,35.7,5,0,0.2,0.0
2026-09-15T22:38:04.880896530Z,0.0,44.1,5,0,0.2,0.0
2026-09-15T22:38:14.202136260Z,0.0,39.2,5,0,0.2,0.0
2026-09-15T22:38:14.924084644Z,0.0,41.5,5,0,0.2,0.0
2026-09-15T22:38:24.203449965Z,0.0,38.7,4,0,0.2,0.0
2026-09-15T22:38:24.968908618Z,0.0,36.6,5,0,0.2,0.0
2026-09-15T22:38:34.206805440Z,1297.6,34.4,5,0,0.2,0.0
2026-09-15T22:38:35.045454901Z,0.0,41.7,5,0,0.2,0.0
2026-09-15T22:38:44.207668875Z,0.0,28.8,5,0,0.2,0.0
2026-09-15T22:38:45.131815914Z,0.0,17.3,5,0,0.2,0.0
2026-09-15T22:38:54.208506040Z,3493.6,36.7,5,0,0.2,0.0
2026-09-15T22:38:55.187505338Z,0.0,40.9,5,0,0.2,0.0
2026-09-15T22:39:04.209401525Z,0.0,35.9,5,0,0.2,0.0
2026-09-15T22:39:05.231342402Z,0.0,28.4,3,0,0.1,0.0
2026-09-15T22:39:14.210241960Z,3875.1,25.5,5,0,0.2,0.0
2026-09-15T22:39:15.334256515Z,0.0,40.0,5,0,0.2,0.0
2026-09-15T22:39:24.211256685Z,0.0,38.9,5,0,0.2,0.0
2026-09-15T22:39:25.379274769Z,0.0,42.8,5,0,0.2,0.0
2026-09-15T22:39:34.212450690Z,0.0,31.5,5,0,0.2,0.0
2026-09-15T22:39:35.451026432Z,0.0,24.2,5,0,0.2,0.0
2026-09-15T22:39:44.213629965Z,3869.0,32.1,5,0,0.2,0.0
2026-09-15T22:39:45.520010916Z,0.0,42.1,5,0,0.2,0.0
2026-09-15T22:39:54.214475060Z,0.0,33.0,5,0,0.2,0.0
2026-09-15T22:39:55.598625999Z,9109.6,37.6,5,0,0.2,0.0
2026-09-15T22:40:04.215308945Z,1377.6,29.2,5,0,0.2,0.0
2026-09-15T22:40:05.678890563Z,0.0,24.6,5,0,0.2,0.0
2026-09-15T22:40:14.216171500Z,2853.5,26.1,5,0,0.2,0.0
2026-09-15T22:40:15.781602455Z,7971.2,40.9,5,0,0.2,0.0
2026-09-15T22:40:24.217031515Z,0.0,33.5,5,0,0.2,0.0
2026-09-15T22:40:25.861695629Z,0.0,23.7,5,0,0.2,0.0
2026-09-15T22:40:34.217750751Z,2991.4,30.4,5,0,0.2,0.0
2026-09-15T22:40:35.947716742Z,0.0,24.3,5,0,0.2,0.0
2026-09-15T22:40:44.218547706Z,4297.3,28.2,5,0,0.2,0.0
2026-09-15T22:40:46.045583564Z,0.0,41.0,5,0,0.2,0.0
2026-09-15T22:40:54.219244341Z,0.0,35.5,4,0,0.2,0.0
2026-09-15T22:40:56.108173028Z,0.0,23.8,5,0,0.2,0.0
2026-09-15T22:41:04.219991886Z,3257.4,28.0,4,0,0.2,0.0
2026-09-15T22:41:06.210640001Z,0.0,32.2,4,0,0.2,0.0
2026-09-15T22:41:14.220917321Z,0.0,31.0,4,0,0.2,0.0
2026-09-15T22:41:16.259750765Z,0.0,33.3,4,0,0.2,0.0
2026-09-15T22:41:24.223585926Z,0.0,26.0,4,0,0.2,0.0
2026-09-15T22:41:26.338677298Z,5992.0,24.6,3,0,0.1,0.0
2026-09-15T22:41:34.224432871Z,1557.5,20.0,4,0,0.2,0.0
2026-09-15T22:41:36.412482111Z,5033.9,28.3,4,0,0.2,0.0
2026-09-15T22:41:44.225627536Z,0.0,31.2,4,0,0.2,0.0
2026-09-15T22:41:46.457093105Z,0.0,32.3,4,0,0.2,0.0
2026-09-15T22:41:54.226436631Z,0.0,25.5,4,0,0.2,0.0
2026-09-15T22:41:56.545915959Z,6221.7,25.0,4,0,0.2,0.0
2026-09-15T22:42:04.228329446Z,0.0,24.9,4,0,0.2,0.0
2026-09-15T22:42:06.622353392Z,5443.2,29.2,4,0,0.2,0.0
2026-09-15T22:42:14.229309191Z,0.0,31.0,4,0,0.2,0.0
2026-09-15T22:42:16.668261596Z,0.0,32.8,4,0,0.2,0.0
2026-09-15T22:42:24.230523116Z,0.0,31.2,4,0,0.2,0.0
2026-09-15T22:42:26.712756620Z,0.0,31.0,2,0,0.1,0.0
2026-09-15T22:42:34.231986041Z,3296.2,17.3,4,0,0.2,0.0
2026-09-15T22:42:36.793048703Z,0.0,32.8,4,0,0.2,0.0
2026-09-15T22:42:44.232847966Z,0.0,26.6,3,0,0.1,0.0
2026-09-15T22:42:46.835331147Z,0.0,16.1,3,0,0.1,0.0
2026-09-15T22:42:54.234159571Z,1749.2,20.0,3,0,0.1,0.0
2026-09-15T22:42:56.890170051Z,0.0,16.9,3,0,0.1,0.0
2026-09-15T22:43:04.235148986Z,1848.6,17.8,3,0,0.1,0.0
2026-09-15T22:43:06.951450955Z,0.0,24.3,3,0,0.1,0.0
2026-09-15T22:43:14.235968201Z,0.0,23.5,3,0,0.1,0.0
2026-09-15T22:43:16.982476909Z,0.0,24.0,3,0,0.1,0.0
2026-09-15T22:43:24.236981016Z,0.0,17.2,3,0,0.1,0.0
2026-09-15T22:43:27.042267173Z,0.0,7.8,3,0,0.1,0.0
2026-09-15T22:43:34.237943511Z,3579.2,20.6,3,0,0.1,0.0
2026-09-15T22:43:37.096062617Z,0.0,24.1,3,0,0.2,0.0
2026-09-15T22:43:44.238706816Z,0.0,23.5,3,0,0.2,0.0
2026-09-15T22:43:47.127292911Z,0.0,22.5,2,0,0.1,0.0
2026-09-15T22:43:54.239858591Z,0.0,8.7,2,0,0.1,0.0
2026-09-15T22:43:57.193205485Z,4768.0,15.9,2,0,0.1,0.0
2026-09-15T22:44:04.241213686Z,0.0,15.6,2,0,0.1,0.0
2026-09-15T22:44:07.223655949Z,0.0,16.1,2,0,0.1,0.0
2026-09-15T22:44:14.242065481Z,0.0,14.7,2,0,0.0,0.0
2026-09-15T22:44:17.259356233Z,0.0,8.0,2,0,0.1,0.0
2026-09-15T22:44:24.242984276Z,2053.1,4.7,2,0,0.1,0.0
2026-09-15T22:44:27.352113077Z,3980.4,13.5,2,0,0.1,0.0
2026-09-15T22:44:34.243702362Z,0.0,15.7,2,0,0.1,0.0
2026-09-15T22:44:37.381382661Z,0.0,15.9,2,0,0.1,0.0
2026-09-15T22:44:44.244760797Z,0.0,15.0,2,0,0.0,0.0
2026-09-15T22:44:47.415185055Z,0.0,7.9,2,0,0.1,0.0
2026-09-15T22:44:54.245999952Z,2140.5,10.8,2,0,0.1,0.0
2026-09-15T22:44:57.479620539Z,0.0,16.1,2,0,0.1,0.0
2026-09-15T22:45:04.246714237Z,0.0,15.7,2,0,0.1,0.0
2026-09-15T22:45:07.509551943Z,0.0,15.9,2,0,0.1,0.0
2026-09-15T22:45:14.247615032Z,0.0,11.1,2,0,0.1,0.0
2026-09-15T22:45:18.469619547Z,3523.2,4.3,2,0,0.1,0.0
2026-09-15T22:45:24.248506347Z,2221.8,9.0,2,0,0.1,0.0
2026-09-15T22:45:28.530955070Z,0.0,15.9,2,0,0.1,0.0
2026-09-15T22:45:34.249448262Z,0.0,15.7,2,0,0.1,0.0
2026-09-15T22:45:38.558875015Z,0.0,13.2,2,0,0.1,0.0
2026-09-15T22:45:44.251228517Z,0.0,7.7,2,0,0.1,0.0
2026-09-15T22:45:48.630661518Z,3454.5,13.9,2,0,0.1,0.0
2026-09-15T22:45:54.252250792Z,0.0,15.7,2,0,0.1,0.0
2026-09-15T22:45:58.660682353Z,0.0,15.9,2,0,0.1,0.0
2026-09-15T22:46:04.253177987Z,0.0,15.7,2,0,0.1,0.0
2026-09-15T22:46:08.690114377Z,0.0,15.8,2,0,0.1,0.0
2026-09-15T22:46:14.254471722Z,0.0,13.5,2,0,0.1,0.0
2026-09-15T22:46:20.028735542Z,2301.2,2.9,2,0,0.1,0.0
2026-09-15T22:46:24.255404587Z,0.0,7.8,2,0,0.1,0.0
2026-09-15T22:46:30.100772465Z,2647.9,15.4,2,0,0.1,0.0
2026-09-15T22:46:34.256314352Z,0.0,15.4,2,0,0.1,0.0
2026-09-15T22:46:40.134114430Z,0.0,16.0,2,0,0.1,0.0
2026-09-15T22:46:44.257270087Z,0.0,13.1,2,0,0.1,0.0
2026-09-15T22:46:50.194147393Z,0.0,7.9,2,0,0.1,0.0
2026-09-15T22:46:54.258038842Z,3870.5,13.0,2,0,0.1,0.0
2026-09-15T22:47:00.243325608Z,0.0,16.0,2,0,0.1,0.0
2026-09-15T22:47:04.258916307Z,0.0,15.4,2,0,0.1,0.0
2026-09-15T22:47:14.260072682Z,0.0,8.3,0,0,0.0,0.0
2026-09-15T22:47:16.787940915Z,5434.0,0.4,2,0,0.1,0.0
2026-09-15T22:47:24.261422157Z,2137.9,14.2,2,0,0.1,0.0
2026-09-15T22:47:26.844220629Z,0.0,16.3,2,0,0.1,0.0
2026-09-15T22:47:34.262459942Z,0.0,15.6,2,0,0.1,0.0
2026-09-15T22:47:36.880985143Z,0.0,15.3,1,0,0.1,0.0
2026-09-15T22:47:44.263427248Z,0.0,7.7,2,0,0.1,0.0
2026-09-15T22:47:46.971910267Z,5991.2,12.9,2,0,0.1,0.0
2026-09-15T22:47:54.264501392Z,0.0,15.6,2,0,0.1,0.0
2026-09-15T22:47:57.009505261Z,0.0,16.0,2,0,0.1,0.0
2026-09-15T22:48:04.265350398Z,0.0,14.3,2,0,0.1,0.0
2026-09-15T22:48:07.057608085Z,0.0,7.9,2,0,0.1,0.0
2026-09-15T22:48:14.266718963Z,2284.9,3.6,2,0,0.1,0.0
2026-09-15T22:48:17.173111457Z,4885.6,12.4,2,0,0.1,0.0
2026-09-15T22:48:24.267911418Z,0.0,15.5,2,0,0.1,0.0
2026-09-15T22:48:27.209388482Z,0.0,16.3,2,0,0.1,0.0
2026-09-15T22:48:34.268759033Z,0.0,10.5,2,0,0.1,0.0
2026-09-15T22:48:37.291887615Z,0.0,7.9,2,0,0.1,0.0
2026-09-15T22:48:44.269839128Z,2395.7,14.0,2,0,0.1,0.0
2026-09-15T22:48:47.350110799Z,0.0,16.2,2,0,0.1,0.0
2026-09-15T22:48:54.271051713Z,0.0,15.6,2,0,0.1,0.0
2026-09-15T22:48:57.386959423Z,0.0,16.0,2,0,0.1,0.0
2026-09-15T22:49:04.272327218Z,0.0,8.0,2,0,0.1,0.0
2026-09-15T22:49:07.502024605Z,5254.6,8.4,2,0,0.1,0.0
2026-09-15T22:49:14.273300133Z,0.0,7.8,2,0,0.1,0.0
2026-09-15T22:49:17.576209079Z,4439.2,14.8,2,0,0.1,0.0
2026-09-15T22:49:24.274258208Z,0.0,15.5,2,0,0.1,0.0
2026-09-15T22:49:27.624773313Z,0.0,10.1,2,0,0.1,0.0
2026-09-15T22:49:34.275747303Z,0.0,7.7,2,0,0.1,0.0
2026-09-15T22:49:37.724952996Z,4992.5,15.9,2,0,0.1,0.0
2026-09-15T22:49:44.276774488Z,0.0,15.6,2,0,0.1,0.0
2026-09-15T22:49:47.763335370Z,0.0,16.1,2,0,0.1,0.0
2026-09-15T22:49:54.277584713Z,0.0,12.9,2,0,0.1,0.0
2026-09-15T22:49:57.829228413Z,0.0,7.9,2,0,0.1,0.0
2026-09-15T22:50:04.278437668Z,2708.1,11.3,2,0,0.1,0.0
2026-09-15T22:50:07.917135376Z,0.0,11.8,2,0,0.1,0.0
2026-09-15T22:50:14.279325041Z,0.0,7.7,2,0,0.1,0.0
2026-09-15T22:50:17.994081937Z,4071.8,16.2,2,0,0.1,0.0
2026-09-15T22:50:24.280547945Z,0.0,8.9,2,0,0.1,0.0
2026-09-15T22:50:28.007215670Z,0.0,7.8,2,0,0.1,0.0
2026-09-15T22:50:34.281405318Z,2822.4,15.1,2,0,0.1,0.0
2026-09-15T22:50:38.055215083Z,0.0,15.9,2,0,0.1,0.0
2026-09-15T22:50:44.282393952Z,0.0,15.4,2,0,0.1,0.0
2026-09-15T22:50:48.120266225Z,0.0,11.7,2,0,0.1,0.0
2026-09-15T22:50:54.283071635Z,0.0,7.8,2,0,0.1,0.0
2026-09-15T22:50:58.228933165Z,4549.2,13.2,2,0,0.1,0.0
2026-09-15T22:51:04.283983959Z,0.0,15.5,2,0,0.1,0.0
2026-09-15T22:51:08.273385268Z,0.0,10.5,2,0,0.1,0.0
2026-09-15T22:51:14.284806072Z,2593.1,8.2,2,0,0.1,0.0
2026-09-15T22:51:18.373545079Z,0.0,8.3,2,0,0.1,0.0
2026-09-15T22:51:24.285708995Z,3080.7,7.8,2,0,0.1,0.0
2026-09-15T22:51:28.483039070Z,0.0,16.0,1,0,0.1,0.0
2026-09-15T22:51:34.286533479Z,0.0,7.8,1,0,0.1,0.0
2026-09-15T22:51:38.509232213Z,0.0,8.1,1,0,0.1,0.0
2026-09-15T22:51:44.287582142Z,0.0,7.8,1,0,0.1,0.0
2026-09-15T22:51:48.538285056Z,0.0,8.0,1,0,0.1,0.0
2026-09-15T22:51:54.288654815Z,0.0,7.8,1,0,0.1,0.0
2026-09-15T22:51:58.567567678Z,0.0,7.9,1,0,0.1,0.0
2026-09-15T22:52:04.290258519Z,0.0,7.9,1,0,0.1,0.0
2026-09-15T22:52:13.607442618Z,1722.7,0.8,1,0,0.1,0.0
2026-09-15T22:52:14.291104582Z,0.0,7.3,1,0,0.1,0.0
2026-09-15T22:52:23.638081560Z,0.0,7.9,1,0,0.1,0.0
2026-09-15T22:52:24.291874885Z,0.0,7.6,1,0,0.1,0.0
2026-09-15T22:52:33.667345613Z,0.0,7.9,1,0,0.1,0.0
2026-09-15T22:52:34.292669739Z,0.0,6.4,1,0,0.1,0.0
2026-09-15T22:52:43.697668866Z,0.0,8.0,1,0,0.1,0.0
2026-09-15T22:52:44.293908712Z,0.0,6.7,1,0,0.1,0.0
2026-09-15T22:52:53.727017468Z,0.0,8.0,1,0,0.1,0.0
2026-09-15T22:52:54.295495086Z,0.0,7.0,1,0,0.1,0.0
2026-09-15T22:53:03.758701471Z,0.0,7.9,1,0,0.1,0.0
2026-09-15T22:53:04.296328789Z,0.0,7.4,1,0,0.1,0.0
2026-09-15T22:53:13.841788843Z,1729.9,0.7,1,0,0.1,0.0
2026-09-15T22:53:14.297237732Z,0.0,6.6,1,0,0.1,0.0
2026-09-15T22:53:23.871592405Z,0.0,7.9,1,0,0.1,0.0
2026-09-15T22:53:24.298071276Z,0.0,7.0,1,0,0.1,0.0
2026-09-15T22:53:33.901479538Z,0.0,7.9,1,0,0.1,0.0
2026-09-15T22:53:34.298996339Z,0.0,7.5,1,0,0.1,0.0
2026-09-15T22:53:43.930467241Z,0.0,7.9,1,0,0.1,0.0
2026-09-15T22:53:44.300854202Z,0.0,5.4,1,0,0.1,0.0
2026-09-15T22:53:53.960912794Z,0.0,8.0,1,0,0.1,0.0
2026-09-15T22:53:54.301690526Z,0.0,5.9,1,0,0.1,0.0
2026-09-15T22:54:03.989867636Z,0.0,7.9,1,0,0.1,0.0
2026-09-15T22:54:04.302463389Z,0.0,6.4,1,0,0.1,0.0
2026-09-15T22:54:14.114997737Z,1730.0,0.7,1,0,0.1,0.0
2026-09-15T22:54:14.303676853Z,0.0,5.3,1,0,0.1,0.0
2026-09-15T22:54:24.145870569Z,0.0,7.9,1,0,0.1,0.0
2026-09-15T22:54:24.304530006Z,0.0,6.3,1,0,0.1,0.0
2026-09-15T22:54:34.177830072Z,0.0,7.9,1,0,0.1,0.0
2026-09-15T22:54:34.306350269Z,0.0,7.8,1,0,0.1,0.0
2026-09-15T22:54:44.210155485Z,0.0,7.9,1,0,0.1,0.0
2026-09-15T22:54:44.309251413Z,0.0,0.0,1,0,0.1,0.0
2026-09-15T22:54:54.241677397Z,0.0,8.0,1,0,0.1,0.0
2026-09-15T22:54:54.310175916Z,0.0,0.0,1,0,0.1,0.0
2026-09-15T22:55:04.273028840Z,0.0,7.9,1,0,0.1,0.0
2026-09-15T22:55:04.311249899Z,0.0,0.0,1,0,0.1,0.0
2026-09-15T22:55:14.312009993Z,1743.8,0.6,1,0,0.1,0.0
2026-09-15T22:55:14.386615291Z,0.0,13.4,1,0,0.1,0.0
2026-09-15T22:55:24.312751096Z,0.0,7.9,1,0,0.1,0.0
2026-09-15T22:55:24.419856884Z,0.0,9.3,1,0,0.1,0.0
2026-09-15T22:55:34.313611409Z,0.0,7.8,1,0,0.1,0.0
2026-09-15T22:55:34.454327686Z,0.0,14.2,1,0,0.1,0.0
2026-09-15T22:55:44.314565203Z,0.0,7.8,1,0,0.1,0.0
2026-09-15T22:55:44.486763109Z,0.0,11.6,1,0,0.1,0.0
2026-09-15T22:55:54.315439276Z,0.0,7.8,1,0,0.1,0.0
2026-09-15T22:55:54.520611431Z,0.0,9.7,1,0,0.1,0.0
2026-09-15T22:56:04.316299309Z,0.0,7.9,1,0,0.1,0.0
2026-09-15T22:56:04.553304524Z,0.0,8.4,1,0,0.1,0.0
2026-09-15T22:56:14.317354253Z,0.0,0.3,0,0,0.0,0.0
2026-09-15T22:56:14.663570095Z,51703.1,8.7,1,0,0.1,0.0
2026-09-15T22:56:24.318734826Z,0.0,7.9,1,0,0.1,0.0
2026-09-15T22:56:24.696171038Z,0.0,7.9,1,0,0.1,0.0
2026-09-15T22:56:34.320619069Z,0.0,7.8,1,0,0.1,0.0
2026-09-15T22:56:34.730085190Z,0.0,9.8,1,0,0.1,0.0
2026-09-15T22:56:44.321795053Z,0.0,7.8,1,0,0.1,0.0
2026-09-15T22:56:44.762404023Z,0.0,9.1,1,0,0.1,0.0
2026-09-15T22:56:54.324010766Z,0.0,5.5,0,0,0.0,0.0
2026-09-15T22:57:04.352175909Z,0.0,0.0,0,0,0.0,0.0
2026-09-15T23:01:18.003419191Z,508.1,0.3,8,119,0.1,0.0
2026-09-15T23:01:24.424102846Z,12850.5,2.5,8,103,0.1,0.0
2026-09-15T23:01:29.723852186Z,8890.2,1.3,8,96,0.2,0.0
2026-09-15T23:01:34.425110989Z,15971.3,1.7,9,87,0.1,0.0
2026-09-15T23:01:40.545025490Z,12279.3,1.8,8,77,0.1,0.0
2026-09-15T23:01:44.425865502Z,13666.7,1.8,8,70,0.1,0.0
2026-09-15T23:01:50.766626049Z,14014.1,1.9,8,58,0.1,0.0
2026-09-15T23:01:54.426793556Z,13432.2,1.9,8,51,0.1,0.0
2026-09-15T23:02:00.838499541Z,14283.5,2.3,8,36,0.1,0.0
2026-09-15T23:02:04.430064989Z,11646.5,1.7,8,30,0.1,0.0
2026-09-15T23:02:11.364625882Z,12215.5,2.0,9,15,0.1,0.0
2026-09-15T23:02:14.431081483Z,15807.2,2.3,8,9,0.1,0.0
2026-09-15T23:02:21.691693358Z,11453.8,1.5,6,0,0.2,0.0
2026-09-15T23:02:24.431877126Z,10968.4,1.1,3,0,0.1,0.0
2026-09-15T23:02:34.432913929Z,5116.6,0.3,0,0,0.0,0.0
2026-09-15T23:02:44.434356203Z,0.0,0.0,0,0,0.0,0.0
2026-09-15T23:15:52.153767551Z,265.2,0.1,4,0,0.0,0.0
2026-09-15T23:15:55.256488421Z,1768.5,30.0,4,0,0.0,0.0
2026-09-15T23:16:02.204870904Z,2105.8,70.4,12,0,0.1,0.0
2026-09-15T23:16:05.257359975Z,0.0,94.4,12,0,0.1,0.0
2026-09-15T23:16:12.248365528Z,2063.8,132.0,19,0,0.1,0.0
2026-09-15T23:16:15.258339660Z,0.0,145.2,19,0,0.1,0.0
2026-09-15T23:16:22.359823899Z,4285.4,205.2,32,0,0.2,0.0
2026-09-15T23:16:25.259049464Z,0.0,220.8,32,0,0.2,0.0
2026-09-15T23:16:32.472300581Z,8415.3,253.4,66,8,0.5,0.0
2026-09-15T23:16:35.259886448Z,12919.6,488.6,84,1,0.6,0.0
2026-09-15T23:16:42.558198003Z,9585.9,710.8,102,0,0.8,0.0
2026-09-15T23:16:45.260795122Z,5972.4,743.0,103,0,0.8,0.0
2026-09-15T23:16:52.632034205Z,2468.7,804.3,105,0,0.8,0.0
2026-09-15T23:16:55.261701066Z,12991.1,740.0,105,0,0.8,0.0
2026-09-15T23:17:02.733408047Z,7815.3,759.7,105,0,0.9,0.0
2026-09-15T23:17:05.262776790Z,7309.4,753.6,105,0,0.9,0.0
2026-09-15T23:17:12.748952531Z,10126.2,760.6,97,0,0.9,0.0
2026-09-15T23:17:15.263699514Z,7810.2,678.0,104,15,0.9,0.0
2026-09-15T23:17:22.796871724Z,14180.0,787.1,112,8,1.0,0.0
2026-09-15T23:17:25.265563138Z,12346.3,784.3,117,4,1.1,0.0
2026-09-15T23:17:32.864528687Z,13715.6,873.8,118,2,1.1,0.0
2026-09-15T23:17:35.266650053Z,11920.1,846.8,118,3,1.1,0.0
2026-09-15T23:17:42.919487040Z,11351.5,852.2,113,6,1.1,0.0
2026-09-15T23:17:45.267561627Z,12219.0,773.9,110,9,1.1,0.0
2026-09-15T23:17:53.015245242Z,13793.9,796.5,108,19,1.1,0.0
2026-09-15T23:17:55.268670231Z,18768.9,762.0,109,15,1.1,0.0
2026-09-15T23:18:03.118365233Z,13807.0,795.1,112,11,1.2,0.0
2026-09-15T23:18:05.269777615Z,13158.0,775.3,109,8,1.2,0.0
2026-09-15T23:18:13.201613756Z,14272.8,750.3,108,13,1.2,0.0
2026-09-15T23:18:15.270737909Z,12060.9,735.1,107,20,1.2,0.0
2026-09-15T23:18:23.205080130Z,15896.5,798.7,116,3,1.3,0.0
2026-09-15T23:18:25.271497553Z,10875.2,763.2,111,13,1.3,0.0
2026-09-15T23:18:33.248022683Z,14537.1,755.2,106,17,1.3,0.0
2026-09-15T23:18:35.272621307Z,12583.6,733.4,108,18,1.3,0.0
2026-09-15T23:18:43.322440025Z,13098.1,738.5,99,25,1.2,0.0
2026-09-15T23:18:45.273589032Z,17318.5,652.5,101,23,1.2,0.0
2026-09-15T23:18:53.485038546Z,14928.0,748.5,110,14,1.4,0.0
2026-09-15T23:18:55.274864906Z,13584.7,748.7,110,15,1.4,0.0
2026-09-15T23:19:03.589877058Z,13612.1,690.0,99,23,1.3,0.0
2026-09-15T23:19:05.276060450Z,18084.1,657.7,103,24,1.4,0.0
2026-09-15T23:19:13.717588859Z,14361.6,761.7,113,9,1.6,0.0
2026-09-15T23:19:15.277473824Z,15440.5,762.9,116,11,1.6,0.0
2026-09-15T23:19:23.740907553Z,10648.8,642.8,108,9,1.6,0.0
2026-09-15T23:19:25.279152298Z,17366.4,729.4,111,10,1.6,0.0
2026-09-15T23:19:33.759799886Z,12740.7,777.2,108,14,1.6,0.0
2026-09-15T23:19:35.279913992Z,14307.5,726.3,109,16,1.6,0.0
2026-09-15T23:19:43.878562488Z,15072.5,735.9,105,16,1.6,0.0
2026-09-15T23:19:45.280706916Z,7802.5,691.1,106,20,1.6,0.0
2026-09-15T23:19:53.900586722Z,14007.8,724.4,107,14,1.6,0.0
2026-09-15T23:19:55.281506600Z,20328.1,719.2,107,18,1.6,0.0
2026-09-15T23:20:03.950166924Z,13707.5,746.5,111,14,1.8,0.0
2026-09-15T23:20:05.282766734Z,5704.3,762.5,108,12,1.8,0.0
2026-09-15T23:20:14.077376596Z,15477.0,730.8,105,18,1.7,0.0
2026-09-15T23:20:15.283593628Z,9725.0,726.3,106,16,1.7,0.0
2026-09-15T23:20:24.103666349Z,13316.2,680.3,95,30,1.6,0.0
2026-09-15T23:20:25.284293093Z,20472.4,683.6,97,26,1.6,0.0
2026-09-15T23:20:34.144232602Z,15517.8,679.7,99,21,1.7,0.0
2026-09-15T23:20:35.285533807Z,12288.3,643.2,102,25,1.7,0.0
2026-09-15T23:20:44.214497445Z,14187.1,689.5,104,23,1.8,0.0
2026-09-15T23:20:45.286716631Z,10415.3,703.2,101,19,1.7,0.0
2026-09-15T23:20:54.271320328Z,15121.5,723.5,109,18,1.9,0.0
2026-09-15T23:20:55.287781975Z,12445.9,692.6,106,14,1.9,0.0
2026-09-15T23:21:04.303829091Z,14227.1,665.4,94,29,1.7,0.0
2026-09-15T23:21:05.288871819Z,9543.7,616.3,95,27,1.7,0.0
2026-09-15T23:21:14.489370701Z,14490.6,649.3,94,31,1.7,0.0
2026-09-15T23:21:15.289645533Z,19328.5,652.3,95,29,1.7,0.0
2026-09-15T23:21:24.571134164Z,13491.1,641.8,91,27,1.7,0.0
2026-09-15T23:21:25.290987307Z,19669.8,583.6,93,24,1.7,0.0
2026-09-15T23:21:34.582219788Z,15201.6,641.2,99,22,1.9,0.0
2026-09-15T23:21:35.292169212Z,5726.0,635.3,98,20,1.9,0.0
2026-09-15T23:21:44.663595470Z,14575.4,672.9,103,18,2.0,0.0
2026-09-15T23:21:45.293391056Z,6985.8,606.8,105,16,2.0,0.0
2026-09-15T23:21:54.760470652Z,14294.8,733.4,106,15,2.1,0.0
2026-09-15T23:21:55.294232410Z,9599.3,736.4,107,13,2.1,0.0
2026-09-15T23:22:04.884003953Z,15094.6,720.6,109,11,2.2,0.0
2026-09-15T23:22:05.295438854Z,0.0,736.6,111,9,2.2,0.0
2026-09-15T23:22:14.912420167Z,14155.0,715.2,102,10,2.1,0.0
2026-09-15T23:22:15.296307348Z,17637.8,489.8,102,9,2.1,0.0
2026-09-15T23:22:24.979240019Z,14567.3,700.8,99,8,2.1,0.0
2026-09-15T23:22:25.302780772Z,0.0,281.4,98,7,2.0,0.0
2026-09-15T23:22:35.051080892Z,14140.3,651.3,96,16,2.0,0.0
2026-09-15T23:22:35.304619606Z,0.0,351.2,96,16,2.0,0.0
2026-09-15T23:22:45.164797023Z,14289.0,677.8,99,7,2.1,0.0
2026-09-15T23:22:45.308681820Z,0.0,632.7,99,7,2.1,0.0
2026-09-15T23:22:55.241391446Z,14047.4,658.4,98,8,2.1,0.0
2026-09-15T23:22:55.309523604Z,0.0,0.0,98,8,2.1,0.0
2026-09-15T23:23:05.312671128Z,13420.3,640.9,96,9,2.1,0.0
2026-09-15T23:23:05.316389988Z,0.0,23845.1,96,9,2.1,0.0
2026-09-15T23:23:15.313687622Z,15095.9,642.1,95,1,2.1,0.0
2026-09-15T23:23:15.430744260Z,0.0,741.8,95,1,2.1,0.0
2026-09-15T23:23:25.315512087Z,14210.7,621.1,94,3,2.2,0.0
2026-09-15T23:23:25.478069163Z,33456.5,1064.0,95,1,2.2,0.0
2026-09-15T23:23:35.316440141Z,14235.9,651.1,91,0,2.2,0.0
2026-09-15T23:23:35.551938376Z,0.0,764.1,89,0,2.1,0.0
2026-09-15T23:23:45.317285475Z,11072.0,639.8,91,0,2.2,0.0
2026-09-15T23:23:45.612817649Z,0.0,923.3,91,0,2.2,0.0
2026-09-15T23:23:55.318348429Z,9241.4,628.5,91,0,2.3,0.0
2026-09-15T23:23:55.680130581Z,34637.6,737.6,90,0,2.2,0.0
2026-09-15T23:24:05.319122253Z,9296.7,578.2,85,3,2.0,0.0
2026-09-15T23:24:05.754634634Z,34828.8,716.4,87,1,2.0,0.0
2026-09-15T23:24:15.320056858Z,10930.4,528.4,79,9,1.9,0.0
2026-09-15T23:24:15.788960667Z,0.0,605.4,79,8,1.9,0.0
2026-09-15T23:24:25.321179572Z,13148.8,458.5,83,0,2.0,0.0
2026-09-15T23:24:25.856249809Z,19368.5,689.6,80,0,2.0,0.0
2026-09-15T23:24:35.323758076Z,10545.6,518.2,76,0,1.9,0.0
2026-09-15T23:24:35.878598893Z,51104.3,643.4,80,3,1.9,0.0
2026-09-15T23:24:45.324829840Z,11826.2,549.3,80,0,2.1,0.0
2026-09-15T23:24:46.003328534Z,31948.5,694.1,79,0,2.1,0.0
2026-09-15T23:24:55.325631383Z,6018.6,532.1,79,0,1.9,0.0
2026-09-15T23:24:56.087817616Z,0.0,558.9,79,0,2.0,0.0
2026-09-15T23:25:05.331116416Z,11430.0,531.7,70,0,1.9,0.0
2026-09-15T23:25:06.158732647Z,0.0,415.6,76,1,1.9,0.0
2026-09-15T23:25:15.331902129Z,8428.7,470.6,68,0,1.8,0.0
2026-09-15T23:25:16.203735829Z,34490.6,517.3,68,0,1.9,0.0
2026-09-15T23:25:25.333044252Z,6479.7,455.7,68,1,1.7,0.0
2026-09-15T23:25:26.262351161Z,8578.2,511.1,66,1,1.7,0.0
2026-09-15T23:25:35.335467575Z,13331.3,414.2,57,0,1.6,0.0
2026-09-15T23:25:36.377934272Z,5371.3,433.5,56,0,1.6,0.0
2026-09-15T23:25:45.336077838Z,7113.7,395.6,63,0,1.6,0.0
2026-09-15T23:25:46.447981473Z,0.0,433.5,61,0,1.7,0.0
2026-09-15T23:25:55.336854171Z,7121.4,400.6,60,0,1.6,0.0
2026-09-15T23:25:56.574452333Z,14750.2,412.9,58,0,1.6,0.0
2026-09-15T23:26:05.337719544Z,5316.8,379.8,51,0,1.4,0.0
2026-09-15T23:26:06.679430834Z,0.0,348.8,50,0,1.4,0.0
2026-09-15T23:26:15.343301987Z,15000.4,345.0,48,0,1.5,0.0
2026-09-15T23:26:16.754208725Z,0.0,360.8,45,0,1.4,0.0
2026-09-15T23:26:25.344398520Z,3859.9,309.3,44,0,1.3,0.0
2026-09-15T23:26:26.850824786Z,13438.1,338.5,42,0,1.3,0.0
2026-09-15T23:26:35.345759973Z,8575.7,298.7,42,0,1.3,0.0
2026-09-15T23:26:36.880185669Z,0.0,321.3,40,0,1.2,0.0
2026-09-15T23:26:45.347322497Z,8319.4,256.1,35,0,1.1,0.0
2026-09-15T23:26:47.093297487Z,0.0,237.7,42,0,1.1,0.0
2026-09-15T23:26:55.348862239Z,8328.6,257.5,35,0,1.1,0.0
2026-09-15T23:26:57.155499749Z,0.0,271.2,35,0,1.1,0.0
2026-09-15T23:27:05.350514233Z,0.0,234.8,36,0,1.1,0.0
2026-09-15T23:27:07.242253760Z,23838.1,244.7,35,0,1.1,0.0
2026-09-15T23:27:15.351799786Z,2579.0,259.1,32,0,1.0,0.0
2026-09-15T23:27:17.351015310Z,0.0,250.6,30,0,1.0,0.0
2026-09-15T23:27:25.353024299Z,803.8,188.5,29,0,0.9,0.0
2026-09-15T23:27:27.413764512Z,22436.0,203.3,28,0,0.9,0.0
2026-09-15T23:27:35.354114982Z,1660.6,199.9,25,0,0.8,0.0
2026-09-15T23:27:37.443486335Z,0.0,169.4,31,0,0.8,0.0
2026-09-15T23:27:45.355543525Z,9186.5,185.0,25,0,0.9,0.0
2026-09-15T23:27:47.536343385Z,0.0,194.9,25,0,0.9,0.0
2026-09-15T23:27:55.356506898Z,4624.7,162.4,27,0,0.9,0.0
2026-09-15T23:27:57.613920747Z,9254.1,193.6,24,0,0.8,0.0
2026-09-15T23:28:05.357634831Z,1733.0,164.3,24,0,0.7,0.0
2026-09-15T23:28:07.625804100Z,9999.3,114.2,21,0,0.7,0.0
2026-09-15T23:28:15.358554754Z,6292.7,147.2,18,0,0.6,0.0
2026-09-15T23:28:17.741512630Z,0.0,118.3,23,0,0.6,0.0
2026-09-15T23:28:25.359552517Z,10001.1,139.0,21,0,0.7,0.0
2026-09-15T23:28:27.804342432Z,0.0,171.4,20,0,0.7,0.0
2026-09-15T23:28:35.360923990Z,0.0,141.5,16,0,0.5,0.0
2026-09-15T23:28:37.905379932Z,0.0,125.8,16,0,0.5,0.0
2026-09-15T23:28:45.361907953Z,0.0,116.8,14,0,0.5,0.0
2026-09-15T23:28:48.030468353Z,0.0,97.1,21,0,0.6,0.0
2026-09-15T23:28:55.363142696Z,10615.7,121.5,17,0,0.6,0.0
2026-09-15T23:28:58.091831905Z,0.0,132.3,16,0,0.6,0.0
2026-09-15T23:29:05.364435539Z,0.0,101.8,19,0,0.6,0.0
2026-09-15T23:29:08.114657237Z,26118.6,104.0,18,0,0.7,0.0
2026-09-15T23:29:15.365271462Z,0.0,116.7,20,0,0.4,0.0
2026-09-15T23:29:18.161328019Z,0.0,94.4,20,0,0.6,0.0
2026-09-15T23:29:25.366096206Z,11321.2,125.5,18,0,0.7,0.0
2026-09-15T23:29:28.195311661Z,0.0,146.3,18,0,0.7,0.0
2026-09-15T23:29:35.367210848Z,0.0,140.6,18,0,0.7,0.0
2026-09-15T23:29:38.305437512Z,0.0,131.7,16,0,0.6,0.0
2026-09-15T23:29:45.368252682Z,0.0,104.5,20,0,0.5,0.0
2026-09-15T23:29:48.354609564Z,0.0,97.1,18,0,0.6,0.0
2026-09-15T23:29:55.369185005Z,9091.0,121.9,16,0,0.6,0.0
2026-09-15T23:29:58.360250747Z,0.0,127.4,15,0,0.5,0.0
2026-09-15T23:30:05.370276568Z,0.0,112.6,13,0,0.5,0.0
2026-09-15T23:30:08.466272078Z,0.0,97.5,11,0,0.4,0.0
2026-09-15T23:30:15.371417631Z,2299.5,63.1,15,0,0.5,0.0
2026-09-15T23:30:18.541265689Z,21299.2,100.0,15,0,0.6,0.0
2026-09-15T23:30:25.372222464Z,0.0,110.5,11,0,0.4,0.0
2026-09-15T23:30:28.630629570Z,0.0,81.0,10,0,0.4,0.0
2026-09-15T23:30:35.373244257Z,0.0,65.6,15,0,0.3,0.0
2026-09-15T23:30:38.680916532Z,5077.4,55.0,13,0,0.5,0.0
2026-09-15T23:30:45.374312110Z,10290.0,85.9,12,0,0.5,0.0
2026-09-15T23:30:48.787236083Z,0.0,88.2,11,0,0.4,0.0
2026-09-15T23:30:55.375462833Z,0.0,82.0,9,0,0.4,0.0
2026-09-15T23:30:58.882184264Z,0.0,57.6,14,0,0.3,0.0
2026-09-15T23:31:05.376278206Z,10849.9,54.0,13,0,0.5,0.0
2026-09-15T23:31:08.955814875Z,4120.5,100.0,13,0,0.5,0.0
2026-09-15T23:31:15.376995129Z,0.0,100.1,12,0,0.5,0.0
2026-09-15T23:31:19.071963115Z,0.0,94.2,12,0,0.5,0.0
2026-09-15T23:31:25.378167162Z,0.0,74.5,8,0,0.3,0.0
2026-09-15T23:31:29.109584038Z,0.0,45.8,14,0,0.4,0.0
2026-09-15T23:31:35.379090336Z,14316.4,66.2,13,0,0.5,0.0
2026-09-15T23:31:39.174805490Z,0.0,101.7,12,0,0.5,0.0
2026-09-15T23:31:45.380312478Z,0.0,92.8,12,0,0.5,0.0
2026-09-15T23:31:49.280524770Z,0.0,81.0,9,0,0.4,0.0
2026-09-15T23:31:55.381151831Z,0.0,60.5,7,0,0.3,0.0
2026-09-15T23:31:59.338696602Z,0.0,53.1,14,0,0.4,0.0
2026-09-15T23:32:05.382247655Z,12381.5,74.1,13,0,0.6,0.0
2026-09-15T23:32:09.371879824Z,0.0,101.8,11,0,0.5,0.0
2026-09-15T23:32:15.383120728Z,0.0,71.7,7,0,0.3,0.0
2026-09-15T23:32:19.452731965Z,0.0,55.0,7,0,0.3,0.0
2026-09-15T23:32:25.384334191Z,0.0,49.6,5,0,0.2,0.0
2026-09-15T23:32:29.579131436Z,0.0,30.5,11,0,0.3,0.0
2026-09-15T23:32:35.385639294Z,15081.1,51.7,11,0,0.5,0.0
2026-09-15T23:32:39.583547909Z,0.0,86.5,11,0,0.5,0.0
2026-09-15T23:32:45.386675207Z,0.0,81.7,9,0,0.4,0.0
2026-09-15T23:32:49.659159350Z,0.0,66.7,8,0,0.3,0.0
2026-09-15T23:32:55.387509130Z,0.0,61.1,7,0,0.3,0.0
2026-09-15T23:32:59.765280111Z,0.0,52.8,11,0,0.3,0.0
2026-09-15T23:33:05.388377393Z,10673.9,53.7,10,0,0.4,0.0
2026-09-15T23:33:09.875865261Z,0.0,80.2,10,0,0.4,0.0
2026-09-15T23:33:15.389248946Z,0.0,68.9,8,0,0.4,0.0
2026-09-15T23:33:19.939944903Z,0.0,61.5,7,0,0.3,0.0
2026-09-15T23:33:25.390265629Z,0.0,51.7,5,0,0.2,0.0
2026-09-15T23:33:30.019501194Z,0.0,37.8,12,0,0.4,0.0
2026-09-15T23:33:35.391185162Z,14473.9,58.6,11,0,0.5,0.0
2026-09-15T23:33:40.137249015Z,0.0,88.1,11,0,0.5,0.0
2026-09-15T23:33:45.392041835Z,0.0,84.5,11,0,0.4,0.0
2026-09-15T23:33:50.216205506Z,0.0,67.8,8,0,0.3,0.0
2026-09-15T23:33:55.392974359Z,2662.5,59.9,8,0,0.4,0.0
2026-09-15T23:34:00.285315028Z,0.0,63.8,8,0,0.4,0.0
2026-09-15T23:34:05.394175232Z,0.0,54.6,6,0,0.3,0.0
2026-09-15T23:34:10.342650240Z,0.0,47.3,6,0,0.3,0.0
2026-09-15T23:34:15.397143765Z,0.0,42.9,9,0,0.2,0.0
2026-09-15T23:34:20.401419631Z,8136.3,25.6,10,0,0.4,0.0
2026-09-15T23:34:25.398534368Z,7926.2,68.2,9,0,0.4,0.0
2026-09-15T23:34:30.496242902Z,0.0,70.6,9,0,0.4,0.0
2026-09-15T23:34:35.399374011Z,0.0,69.8,9,0,0.4,0.0
2026-09-15T23:34:40.567179363Z,0.0,70.2,8,0,0.4,0.0
2026-09-15T23:34:45.400267214Z,0.0,61.0,7,0,0.3,0.0
2026-09-15T23:34:50.627804545Z,0.0,54.9,10,0,0.4,0.0
2026-09-15T23:34:55.401434497Z,7255.4,71.2,9,0,0.4,0.0
2026-09-15T23:35:00.720459066Z,0.0,71.1,9,0,0.4,0.0
2026-09-15T23:35:05.402271960Z,0.0,63.9,9,0,0.4,0.0
2026-09-15T23:35:10.721532010Z,2778.7,62.6,9,0,0.4,0.0
2026-09-15T23:35:15.403156933Z,0.0,61.5,9,0,0.4,0.0
2026-09-15T23:35:20.812009030Z,2372.7,67.9,8,0,0.4,0.0
2026-09-15T23:35:25.404282076Z,0.0,61.0,8,0,0.3,0.0
2026-09-15T23:35:30.908624541Z,0.0,47.4,7,0,0.3,0.0
2026-09-15T23:35:35.405081539Z,2760.7,54.0,7,0,0.3,0.0
2026-09-15T23:35:40.985510913Z,0.0,53.9,6,0,0.3,0.0
2026-09-15T23:35:45.406180542Z,0.0,44.6,6,0,0.2,0.0
2026-09-15T23:35:51.072049694Z,0.0,39.7,6,0,0.3,0.0
2026-09-15T23:35:55.407081176Z,3029.1,44.8,6,0,0.3,0.0
2026-09-15T23:36:01.155739075Z,0.0,39.7,6,0,0.2,0.0
2026-09-15T23:36:05.407962978Z,2563.6,30.3,6,0,0.3,0.0
2026-09-15T23:36:11.259579846Z,4100.2,41.7,6,0,0.3,0.0
2026-09-15T23:36:15.409254582Z,0.0,46.3,6,0,0.3,0.0
2026-09-15T23:36:21.337843377Z,0.0,43.7,5,0,0.2,0.0
2026-09-15T23:36:25.410364855Z,0.0,30.9,5,0,0.2,0.0
2026-09-15T23:36:31.427305588Z,1841.6,36.7,5,0,0.2,0.0
2026-09-15T23:36:35.411272238Z,0.0,33.6,5,0,0.2,0.0
2026-09-15T23:36:41.521527839Z,2207.9,33.4,4,0,0.2,0.0
2026-09-15T23:36:45.412043061Z,0.0,30.8,5,0,0.2,0.0
2026-09-15T23:36:51.646580789Z,2576.4,21.7,5,0,0.2,0.0
2026-09-15T23:36:55.412820994Z,3027.7,28.4,5,0,0.3,0.0
2026-09-15T23:37:01.729785851Z,2156.4,39.6,5,0,0.3,0.0
2026-09-15T23:37:05.413979967Z,0.0,38.0,5,0,0.3,0.0
2026-09-15T23:37:11.785326612Z,0.0,40.0,5,0,0.3,0.0
2026-09-15T23:37:15.414937990Z,0.0,38.6,5,0,0.3,0.0
2026-09-15T23:37:21.840408014Z,0.0,39.7,5,0,0.3,0.0
2026-09-15T23:37:25.415912353Z,0.0,39.2,5,0,0.3,0.0
2026-09-15T23:37:31.896994626Z,0.0,34.7,4,0,0.2,0.0
2026-09-15T23:37:35.416826726Z,0.0,30.7,4,0,0.2,0.0
2026-09-15T23:37:41.954940838Z,0.0,31.8,4,0,0.2,0.0
2026-09-15T23:37:45.417581829Z,0.0,24.5,3,0,0.1,0.0
2026-09-15T23:37:51.988659150Z,0.0,23.6,2,0,0.1,0.0
2026-09-15T23:37:55.418829362Z,0.0,15.2,3,0,0.1,0.0
2026-09-15T23:38:02.042503542Z,1760.5,20.4,3,0,0.1,0.0
2026-09-15T23:38:05.419718525Z,0.0,16.0,2,0,0.1,0.0
2026-09-15T23:38:12.073764344Z,0.0,15.9,2,0,0.1,0.0
2026-09-15T23:38:15.420741098Z,0.0,15.5,2,0,0.1,0.0
2026-09-15T23:38:22.103713907Z,0.0,15.9,2,0,0.1,0.0
2026-09-15T23:38:25.422006792Z,0.0,15.7,2,0,0.1,0.0
2026-09-15T23:38:32.133980359Z,0.0,15.8,2,0,0.1,0.0
2026-09-15T23:38:35.423001645Z,0.0,15.2,2,0,0.1,0.0
2026-09-15T23:38:42.164005992Z,0.0,16.0,2,0,0.1,0.0
2026-09-15T23:38:45.424080247Z,0.0,15.0,1,0,0.0,0.0
2026-09-15T23:38:52.193454644Z,0.0,8.0,1,0,0.0,0.0
2026-09-15T23:38:55.425133191Z,0.0,7.7,1,0,0.0,0.0
2026-09-15T23:39:02.222567926Z,0.0,7.9,1,0,0.0,0.0
2026-09-15T23:39:05.426043454Z,0.0,7.8,1,0,0.0,0.0
2026-09-15T23:39:12.252133979Z,0.0,7.9,1,0,0.0,0.0
2026-09-15T23:39:15.427304797Z,0.0,7.9,1,0,0.0,0.0
2026-09-15T23:39:22.279651141Z,0.0,7.9,1,0,0.0,0.0
2026-09-15T23:39:25.428161660Z,0.0,7.6,1,0,0.0,0.0
2026-09-15T23:39:32.309149574Z,0.0,8.0,1,0,0.0,0.0
2026-09-15T23:39:35.428965033Z,0.0,7.7,1,0,0.0,0.0
2026-09-15T23:39:42.337688296Z,0.0,8.0,1,0,0.0,0.0
2026-09-15T23:39:45.429826986Z,0.0,7.8,1,0,0.0,0.0
2026-09-15T23:39:53.375624746Z,1587.9,1.1,1,0,0.0,0.0
2026-09-15T23:39:55.430668189Z,0.0,7.8,1,0,0.0,0.0
2026-09-15T23:40:03.403088038Z,0.0,7.9,1,0,0.0,0.0
2026-09-15T23:40:05.431590802Z,0.0,7.4,1,0,0.0,0.0
2026-09-15T23:40:13.431798311Z,0.0,8.0,1,0,0.0,0.0
2026-09-15T23:40:15.432518085Z,0.0,7.5,1,0,0.0,0.0
2026-09-15T23:40:23.460050713Z,0.0,8.0,1,0,0.0,0.0
2026-09-15T23:40:25.433694948Z,0.0,7.6,1,0,0.0,0.0
2026-09-15T23:40:33.489325066Z,0.0,7.9,1,0,0.0,0.0
2026-09-15T23:40:35.434708291Z,0.0,7.7,1,0,0.0,0.0
2026-09-15T23:40:43.518256038Z,0.0,7.9,1,0,0.0,0.0
2026-09-15T23:40:45.435543524Z,0.0,7.8,1,0,0.0,0.0
2026-09-15T23:40:53.546847980Z,0.0,7.9,1,0,0.1,0.0
2026-09-15T23:40:55.436683228Z,0.0,7.4,1,0,0.1,0.0
2026-09-15T23:41:03.575809813Z,0.0,8.0,1,0,0.1,0.0
2026-09-15T23:41:05.437795381Z,0.0,7.5,1,0,0.1,0.0
2026-09-15T23:41:13.605247115Z,0.0,8.0,1,0,0.1,0.0
2026-09-15T23:41:15.438619084Z,0.0,7.6,1,0,0.1,0.0
2026-09-15T23:41:23.634641488Z,0.0,7.9,1,0,0.1,0.0
2026-09-15T23:41:25.439476407Z,0.0,7.8,1,0,0.1,0.0
2026-09-15T23:41:35.440336270Z,0.0,5.7,0,0,0.0,0.0
2026-09-15T23:41:40.026002346Z,2945.1,0.2,1,0,0.1,0.0
2026-09-15T23:41:45.441703053Z,0.0,7.8,1,0,0.1,0.0
2026-09-15T23:41:50.055634848Z,0.0,8.0,1,0,0.1,0.0
2026-09-15T23:41:55.442422326Z,0.0,7.8,1,0,0.1,0.0
2026-09-15T23:42:00.086459620Z,0.0,8.0,1,0,0.1,0.0
2026-09-15T23:42:05.443519776Z,0.0,7.8,1,0,0.1,0.0
2026-09-15T23:42:10.116739959Z,0.0,7.9,1,0,0.1,0.0
2026-09-15T23:42:15.444825836Z,0.0,7.7,1,0,0.1,0.0
2026-09-15T23:42:20.147534938Z,0.0,8.1,1,0,0.1,0.0
2026-09-15T23:42:25.445753476Z,0.0,7.7,1,0,0.1,0.0
2026-09-15T23:42:30.179110056Z,0.0,8.0,1,0,0.1,0.0
2026-09-15T23:42:35.446799415Z,0.0,7.8,1,0,0.1,0.0
2026-09-15T23:42:40.210732265Z,0.0,8.0,1,0,0.1,0.0
2026-09-15T23:42:45.447804695Z,0.0,7.8,1,0,0.1,0.0
2026-09-15T23:42:50.240534864Z,0.0,7.9,1,0,0.1,0.0
2026-09-15T23:42:55.449668594Z,0.0,7.9,1,0,0.1,0.0
2026-09-15T23:43:00.271512933Z,0.0,7.9,1,0,0.1,0.0
2026-09-15T23:43:05.452716114Z,0.0,7.7,1,0,0.1,0.0
2026-09-15T23:43:10.303040672Z,0.0,8.0,1,0,0.1,0.0
2026-09-15T23:43:15.453633863Z,0.0,7.8,1,0,0.1,0.0
2026-09-15T23:43:20.332834611Z,0.0,8.0,1,0,0.1,0.0
2026-09-15T23:43:25.454837373Z,0.0,1.6,0,0,0.0,0.0
2026-09-15T23:43:30.372259619Z,2930.1,2.0,1,0,0.1,0.0
2026-09-15T23:43:35.456053102Z,0.0,7.9,1,0,0.1,0.0
2026-09-15T23:43:40.404657348Z,0.0,7.9,1,0,0.1,0.0
2026-09-15T23:43:45.457447562Z,0.0,7.7,1,0,0.1,0.0
2026-09-15T23:43:50.436223737Z,0.0,8.0,1,0,0.1,0.0
2026-09-15T23:43:55.458335411Z,0.0,7.8,1,0,0.1,0.0
2026-09-15T23:44:00.468505906Z,0.0,8.0,1,0,0.1,0.0
2026-09-15T23:44:05.459542761Z,0.0,7.8,1,0,0.1,0.0
2026-09-15T23:44:10.498321395Z,0.0,7.9,1,0,0.1,0.0
2026-09-15T23:44:15.460783420Z,0.0,7.9,1,0,0.1,0.0
2026-09-15T23:44:20.529988773Z,0.0,7.9,1,0,0.1,0.0
2026-09-15T23:44:25.461828510Z,0.0,7.7,1,0,0.1,0.0
2026-09-15T23:44:30.562776173Z,0.0,8.0,1,0,0.1,0.0
2026-09-15T23:44:35.462637180Z,0.0,7.8,1,0,0.1,0.0
2026-09-15T23:44:40.594816881Z,0.0,8.0,1,0,0.1,0.0
2026-09-15T23:44:45.463618209Z,0.0,7.8,1,0,0.1,0.0
2026-09-15T23:44:50.627768040Z,0.0,7.9,1,0,0.1,0.0
2026-09-15T23:44:55.464496189Z,0.0,7.9,1,0,0.1,0.0
2026-09-15T23:45:00.659384409Z,0.0,7.9,1,0,0.1,0.0
2026-09-15T23:45:05.465336498Z,0.0,7.7,1,0,0.1,0.0
2026-09-15T23:45:10.692762138Z,0.0,8.0,1,0,0.1,0.0
2026-09-15T23:45:15.466180498Z,0.0,0.2,0,0,0.0,0.0
2026-09-15T23:45:20.735689246Z,2906.3,2.7,1,0,0.1,0.0
2026-09-15T23:45:25.466965437Z,0.0,7.8,1,0,0.1,0.0
2026-09-15T23:45:30.766708295Z,0.0,7.9,1,0,0.1,0.0
2026-09-15T23:45:35.468082447Z,0.0,7.9,1,0,0.1,0.0
2026-09-15T23:45:40.798535794Z,0.0,7.9,1,0,0.1,0.0
2026-09-15T23:45:45.469592336Z,0.0,7.7,1,0,0.1,0.0
2026-09-15T23:45:50.832040243Z,0.0,8.0,1,0,0.1,0.0
2026-09-15T23:45:55.470614456Z,0.0,7.8,1,0,0.1,0.0
2026-09-15T23:46:00.865130212Z,0.0,8.0,1,0,0.1,0.0
2026-09-15T23:46:05.471386915Z,0.0,7.8,1,0,0.1,0.0
2026-09-15T23:46:10.897638770Z,0.0,7.9,1,0,0.1,0.0
2026-09-15T23:46:15.472551295Z,0.0,7.9,1,0,0.1,0.0
2026-09-15T23:46:20.932576489Z,0.0,7.9,1,0,0.1,0.0
2026-09-15T23:46:25.475350874Z,0.0,7.7,1,0,0.1,0.0
2026-09-15T23:46:30.963214428Z,0.0,8.0,1,0,0.1,0.0
2026-09-15T23:46:35.476276224Z,0.0,7.8,1,0,0.1,0.0
2026-09-15T23:46:40.995928957Z,0.0,8.0,1,0,0.1,0.0
2026-09-15T23:46:45.477179674Z,0.0,7.8,1,0,0.1,0.0
2026-09-15T23:46:51.028076726Z,0.0,7.9,1,0,0.1,0.0
2026-09-15T23:46:55.478349003Z,0.0,7.9,1,0,0.1,0.0
2026-09-15T23:47:05.479800653Z,0.0,2.1,0,0,0.0,0.0
2026-09-15T23:47:06.936541279Z,11119.6,0.7,1,0,0.1,0.0
2026-09-15T23:47:15.480762082Z,0.0,7.8,1,0,0.1,0.0
2026-09-15T23:47:16.969338538Z,0.0,8.1,1,0,0.1,0.0
2026-09-15T23:47:25.482238992Z,0.0,7.9,1,0,0.1,0.0
2026-09-15T23:47:27.002711117Z,0.0,7.9,1,0,0.1,0.0
2026-09-15T23:47:35.486072821Z,0.0,7.8,1,0,0.1,0.0
2026-09-15T23:47:37.036092436Z,0.0,8.4,1,0,0.1,0.0
2026-09-15T23:47:45.487253721Z,0.0,7.8,1,0,0.1,0.0
2026-09-15T23:47:47.069165945Z,0.0,8.2,1,0,0.1,0.0
2026-09-15T23:47:55.488118571Z,0.0,7.8,1,0,0.1,0.0
2026-09-15T23:47:57.102264963Z,0.0,8.1,1,0,0.1,0.0
2026-09-15T23:48:05.489394900Z,0.0,7.9,1,0,0.1,0.0
2026-09-15T23:48:07.135289632Z,0.0,7.9,1,0,0.1,0.0
2026-09-15T23:48:15.490882690Z,0.0,7.8,1,0,0.1,0.0
2026-09-15T23:48:17.168092631Z,0.0,8.3,1,0,0.1,0.0
2026-09-15T23:48:25.491747919Z,0.0,7.8,1,0,0.1,0.0
2026-09-15T23:48:27.200768290Z,0.0,8.2,1,0,0.1,0.0
2026-09-15T23:48:35.493101479Z,0.0,7.8,1,0,0.1,0.0
2026-09-15T23:48:37.233559919Z,0.0,8.0,1,0,0.1,0.0
2026-09-15T23:48:45.494250958Z,0.0,7.9,1,0,0.1,0.0
2026-09-15T23:48:47.268353047Z,0.0,7.9,1,0,0.1,0.0
2026-09-15T23:48:55.496228858Z,0.0,1.0,0,0,0.0,0.0
2026-09-15T23:48:57.493427332Z,8564.4,0.5,1,0,0.1,0.0
2026-09-15T23:49:05.497185507Z,0.0,7.9,1,0,0.1,0.0
2026-09-15T23:49:07.527342361Z,0.0,7.9,1,0,0.1,0.0
2026-09-15T23:49:15.498696437Z,0.0,7.8,1,0,0.1,0.0
2026-09-15T23:49:17.562495489Z,0.0,8.2,1,0,0.1,0.0
2026-09-15T23:49:25.499544866Z,0.0,7.8,1,0,0.1,0.0
2026-09-15T23:49:27.597993268Z,0.0,8.1,1,0,0.1,0.0
2026-09-15T23:49:35.500681396Z,0.0,7.8,1,0,0.1,0.0
2026-09-15T23:49:37.634852237Z,0.0,8.0,1,0,0.1,0.0
2026-09-15T23:49:45.501788866Z,0.0,7.8,1,0,0.1,0.0
2026-09-15T23:49:47.669115956Z,0.0,8.3,1,0,0.1,0.0
2026-09-15T23:49:55.502655345Z,0.0,7.8,1,0,0.1,0.0
2026-09-15T23:49:57.704614824Z,0.0,8.2,1,0,0.1,0.0
2026-09-15T23:50:05.503508345Z,0.0,7.8,1,0,0.1,0.0
2026-09-15T23:50:07.739688903Z,0.0,8.0,1,0,0.1,0.0
2026-09-15T23:50:15.504605314Z,0.0,7.9,1,0,0.1,0.0
2026-09-15T23:50:17.774992052Z,0.0,7.9,1,0,0.1,0.0
2026-09-15T23:50:25.506737694Z,0.0,7.8,1,0,0.1,0.0
2026-09-15T23:50:27.811448571Z,0.0,8.2,1,0,0.1,0.0
2026-09-15T23:50:35.507601124Z,0.0,7.8,1,0,0.1,0.0
2026-09-15T23:50:37.847169160Z,0.0,8.1,1,0,0.1,0.0
2026-09-15T23:50:45.508746013Z,0.0,1.6,0,0,0.0,0.0
2026-09-15T23:50:49.075492561Z,5050.1,0.3,1,0,0.1,0.0
2026-09-15T23:50:55.509702623Z,0.0,7.8,1,0,0.1,0.0
2026-09-15T23:50:59.112282920Z,0.0,8.0,1,0,0.1,0.0
2026-09-15T23:51:05.510525552Z,0.0,7.8,1,0,0.1,0.0
2026-09-15T23:51:15.511353152Z,0.0,0.5,0,0,0.0,0.0
2026-09-15T23:51:25.523253361Z,0.0,0.0,0,0,0.0,0.0
2026-09-15T23:53:27.361355724Z,6724.2,1.1,8,118,0.1,0.0
2026-09-15T23:53:35.542381735Z,14912.7,2.0,8,102,0.1,0.0
2026-09-15T23:53:37.861808182Z,15106.7,2.2,8,97,0.1,0.0
2026-09-15T23:53:45.543356665Z,11455.2,1.8,8,83,0.1,0.0
2026-09-15T23:53:48.073281696Z,12318.3,2.0,8,78,0.1,0.0
2026-09-15T23:53:55.544790994Z,14040.7,2.1,8,62,0.1,0.0
2026-09-15T23:53:58.575462154Z,5116.0,1.0,8,59,0.2,0.0
2026-09-15T23:54:05.545600014Z,14674.2,1.4,8,49,0.1,0.0
2026-09-15T23:54:08.702962401Z,10661.2,1.3,8,45,0.2,0.0
2026-09-15T23:54:15.546466623Z,16302.6,2.0,8,31,0.1,0.0
2026-09-15T23:54:18.960320335Z,13592.4,1.8,8,25,0.1,0.0
2026-09-15T23:54:25.547521883Z,10505.4,1.4,8,16,0.1,0.0
2026-09-15T23:54:28.972524694Z,12711.5,2.0,8,9,0.1,0.0
2026-09-15T23:54:35.551698893Z,14547.3,2.0,4,0,0.1,0.0
2026-09-15T23:54:39.508225271Z,5350.3,0.5,2,0,0.1,0.0
2026-09-15T23:54:45.552301332Z,5117.6,0.3,0,0,0.0,0.0
2026-09-15T23:54:55.553827932Z,0.0,0.0,0,0,0.0,0.0
2026-09-15T23:57:28.694349553Z,775.0,0.4,10,3,0.0,0.0
2026-09-15T23:57:36.333485617Z,6702.6,113.8,29,0,0.2,0.0
2026-09-15T23:57:38.757257251Z,0.0,239.3,29,0,0.2,0.0
2026-09-15T23:57:46.334705537Z,1848.9,273.0,37,0,0.3,0.0
2026-09-15T23:57:48.828262699Z,0.0,296.8,37,0,0.3,0.0
2026-09-15T23:57:56.335545366Z,0.0,279.9,35,0,0.3,0.0
2026-09-15T23:57:58.890285177Z,0.0,287.7,35,0,0.3,0.0
2026-09-15T23:58:06.336582426Z,2005.4,275.7,41,0,0.3,0.0
2026-09-15T23:58:08.977798415Z,6674.1,300.6,37,0,0.3,0.0
2026-09-15T23:58:16.337406085Z,2328.9,296.8,39,0,0.3,0.0
2026-09-15T23:58:19.092676162Z,0.0,305.6,44,0,0.3,0.0
2026-09-15T23:58:26.339391305Z,9974.8,376.0,73,2,0.5,0.0
2026-09-15T23:58:29.151029630Z,8146.0,533.8,78,0,0.6,0.0
2026-09-15T23:58:36.340152274Z,7555.9,560.6,82,0,0.7,0.0
2026-09-15T23:58:39.377668914Z,0.0,396.0,86,0,0.7,0.0
2026-09-15T23:58:46.341054904Z,12257.1,629.9,110,12,0.8,0.0
2026-09-15T23:58:49.503577691Z,12021.5,867.3,119,3,1.0,0.0
2026-09-15T23:58:56.342156283Z,6066.4,884.4,120,0,1.0,0.0
2026-09-15T23:58:59.616922488Z,11684.7,906.6,119,2,1.0,0.0
2026-09-15T23:59:06.343378693Z,9818.6,872.2,120,3,1.1,0.0
2026-09-15T23:59:09.624383017Z,6893.6,904.9,119,5,1.0,0.0
2026-09-15T23:59:16.349781642Z,11519.3,859.3,110,2,1.0,0.0
2026-09-15T23:59:19.731294063Z,11867.1,799.9,109,16,1.0,0.0
2026-09-15T23:59:26.350945460Z,13831.9,755.0,110,10,1.0,0.0
2026-09-15T23:59:29.747236121Z,14178.5,845.3,118,8,1.1,0.0
2026-09-15T23:59:36.351915359Z,11261.6,829.1,112,10,1.1,0.0
2026-09-15T23:59:39.834713908Z,16397.2,824.9,114,5,1.1,0.0
2026-09-15T23:59:46.352990828Z,14376.5,777.4,107,13,1.1,0.0
2026-09-15T23:59:49.911827325Z,15570.2,786.2,109,11,1.2,0.0
2026-09-15T23:59:56.353918446Z,12264.4,794.8,116,7,1.3,0.0
2026-09-16T00:00:00.031657851Z,13865.7,865.2,119,7,1.3,0.0
2026-09-16T00:00:06.354861725Z,13423.7,820.8,112,11,1.3,0.0
2026-09-16T00:00:10.052024059Z,15114.0,781.7,111,8,1.3,0.0
2026-09-16T00:00:16.355790033Z,13773.3,761.0,109,12,1.3,0.0
2026-09-16T00:00:20.184038235Z,14379.0,830.6,116,10,1.4,0.0
2026-09-16T00:00:26.356807332Z,13265.3,820.9,114,4,1.4,0.0
2026-09-16T00:00:30.283483641Z,10923.2,800.7,109,13,1.4,0.0
2026-09-16T00:00:36.358129891Z,15084.7,741.4,107,11,1.3,0.0
2026-09-16T00:00:40.288283810Z,9881.3,747.0,100,22,1.3,0.0
2026-09-16T00:00:46.359573749Z,16295.0,722.9,103,21,1.4,0.0
2026-09-16T00:00:50.307717288Z,14702.7,719.6,103,18,1.4,0.0
2026-09-16T00:00:56.360885058Z,14399.2,699.4,106,19,1.4,0.0
2026-09-16T00:01:00.353322485Z,15474.0,765.6,106,17,1.4,0.0
2026-09-16T00:01:06.362351786Z,13379.9,746.6,109,14,1.5,0.0
2026-09-16T00:01:10.873935472Z,7254.3,479.2,112,12,1.6,0.0
2026-09-16T00:01:16.363387165Z,13835.9,805.0,110,11,1.6,0.0
2026-09-16T00:01:20.879364270Z,14783.0,755.7,109,16,1.6,0.0
2026-09-16T00:01:26.364341304Z,12617.2,765.7,110,14,1.6,0.0
2026-09-16T00:01:31.044673535Z,13841.5,731.8,102,22,1.6,0.0
2026-09-16T00:01:36.365175612Z,15854.2,689.2,105,17,1.6,0.0
2026-09-16T00:01:41.064220624Z,14543.7,758.4,108,16,1.7,0.0
2026-09-16T00:01:46.366115921Z,12768.0,765.6,111,8,1.7,0.0
2026-09-16T00:01:51.180484540Z,14442.5,774.1,111,6,1.7,0.0
2026-09-16T00:01:56.366990330Z,14824.3,711.1,107,14,1.7,0.0
2026-09-16T00:02:01.199284438Z,12472.5,747.5,107,12,1.7,0.0
2026-09-16T00:02:06.367976738Z,16321.5,737.1,111,9,1.8,0.0
2026-09-16T00:02:11.275603825Z,12758.6,745.0,103,11,1.7,0.0
2026-09-16T00:02:16.369253167Z,16266.3,704.4,107,9,1.8,0.0
2026-09-16T00:02:21.328044092Z,13698.3,760.9,110,10,1.9,0.0
2026-09-16T00:02:26.370350795Z,14827.5,742.3,115,2,1.9,0.0
2026-09-16T00:02:31.456828778Z,12895.5,786.8,110,11,1.9,0.0
2026-09-16T00:02:36.371336394Z,13565.9,738.2,104,14,1.8,0.0
2026-09-16T00:02:41.567137214Z,13017.7,720.7,102,13,1.8,0.0
2026-09-16T00:02:46.374665143Z,16051.0,683.7,103,9,1.9,0.0
2026-09-16T00:02:51.777851448Z,12882.5,680.9,100,16,1.8,0.0
2026-09-16T00:02:56.376538772Z,12536.9,640.2,95,20,1.8,0.0
2026-09-16T00:03:01.896893484Z,15442.8,675.7,95,11,1.8,0.0
2026-09-16T00:03:06.377360110Z,13813.4,669.1,102,5,1.9,0.0
2026-09-16T00:03:11.900227693Z,15614.9,703.5,102,6,1.9,0.0
2026-09-16T00:03:16.378280569Z,13435.5,684.7,101,3,1.9,0.0
2026-09-16T00:03:21.949531860Z,14454.5,709.3,104,3,1.9,0.0
2026-09-16T00:03:26.379780998Z,7844.5,658.0,97,11,1.9,0.0
2026-09-16T00:03:32.055754396Z,18774.6,657.1,98,11,1.9,0.0
2026-09-16T00:03:36.381531636Z,14248.2,668.6,98,6,1.9,0.0
2026-09-16T00:03:42.102710154Z,13722.0,674.1,99,0,2.0,0.0
2026-09-16T00:03:46.382359675Z,14538.8,670.4,99,0,2.0,0.0
2026-09-16T00:03:52.125731652Z,12221.3,686.5,104,0,2.0,0.0
2026-09-16T00:03:56.383108464Z,10463.8,663.3,98,1,2.0,0.0
2026-09-16T00:04:02.346849396Z,13111.4,665.7,101,4,2.1,0.0
2026-09-16T00:04:06.384113962Z,11894.1,683.4,96,1,2.1,0.0
2026-09-16T00:04:12.443601702Z,11635.7,642.8,92,0,1.9,0.0
2026-09-16T00:04:16.385398411Z,11794.4,641.3,95,0,2.1,0.0
2026-09-16T00:04:22.502514509Z,15745.2,620.5,86,0,1.8,0.0
2026-09-16T00:04:26.386186759Z,13190.3,564.2,89,8,1.9,0.0
2026-09-16T00:04:32.579360646Z,13885.0,596.0,89,1,1.9,0.0
2026-09-16T00:04:36.387115108Z,13321.2,584.1,91,0,1.9,0.0
2026-09-16T00:04:42.594743004Z,6807.9,586.5,83,1,1.8,0.0
2026-09-16T00:04:46.388573407Z,12614.5,539.6,83,2,1.9,0.0
2026-09-16T00:04:52.714065641Z,10663.4,575.1,79,0,1.8,0.0
2026-09-16T00:04:56.389616045Z,14063.4,514.2,80,6,1.8,0.0
2026-09-16T00:05:02.843528026Z,14180.8,546.8,79,0,1.8,0.0
2026-09-16T00:05:06.390572594Z,9863.2,499.3,78,2,1.8,0.0
2026-09-16T00:05:12.855414565Z,16901.6,515.9,78,3,1.8,0.0
2026-09-16T00:05:16.391834863Z,14209.0,511.8,76,0,1.9,0.0
2026-09-16T00:05:22.964909021Z,10182.7,534.0,70,0,1.7,0.0
2026-09-16T00:05:26.392721622Z,1568.1,465.0,70,0,1.7,0.0
2026-09-16T00:05:33.196120044Z,15096.7,484.3,76,0,1.7,0.0
2026-09-16T00:05:36.394258580Z,3597.0,494.1,71,0,1.8,0.0
2026-09-16T00:05:43.204972062Z,13484.7,491.4,69,0,1.8,0.0
2026-09-16T00:05:46.395408379Z,2383.4,475.2,72,0,1.8,0.0
2026-09-16T00:05:53.311590749Z,13140.7,460.5,65,0,1.7,0.0
2026-09-16T00:05:56.396412247Z,5525.9,432.8,67,0,1.7,0.0
2026-09-16T00:06:03.426526595Z,14739.4,446.1,63,0,1.7,0.0
2026-09-16T00:06:06.397425836Z,6697.5,425.8,68,0,1.7,0.0
2026-09-16T00:06:13.531529501Z,7228.7,474.3,59,0,1.6,0.0
2026-09-16T00:06:16.398554894Z,0.0,398.3,62,0,1.6,0.0
2026-09-16T00:06:23.653292227Z,15794.9,424.8,61,0,1.7,0.0
2026-09-16T00:06:26.399983053Z,0.0,407.0,54,0,1.5,0.0
2026-09-16T00:06:33.745371943Z,7469.0,406.9,63,0,1.7,0.0
2026-09-16T00:06:36.400726602Z,21989.6,428.9,58,0,1.6,0.0
2026-09-16T00:06:43.751984592Z,6817.6,365.1,58,1,1.5,0.0
2026-09-16T00:06:46.401948400Z,10145.1,367.9,56,0,1.6,0.0
2026-09-16T00:06:53.757891640Z,6021.8,390.4,55,0,1.6,0.0
2026-09-16T00:06:56.402924199Z,21491.3,389.0,51,0,1.5,0.0
2026-09-16T00:07:03.758681329Z,7848.4,352.4,50,0,1.5,0.0
2026-09-16T00:07:06.403899088Z,0.0,324.4,55,0,1.5,0.0
2026-09-16T00:07:13.775383137Z,8353.2,360.8,53,0,1.4,0.0
2026-09-16T00:07:16.405080546Z,7710.9,323.2,47,0,1.4,0.0
2026-09-16T00:07:23.853297384Z,7212.8,241.3,51,0,1.5,0.0
2026-09-16T00:07:26.406006765Z,18536.1,356.9,46,0,1.4,0.0
2026-09-16T00:07:33.930813141Z,8225.2,347.4,47,0,1.4,0.0
2026-09-16T00:07:36.406873203Z,0.0,281.5,49,0,1.3,0.0
2026-09-16T00:07:44.018235147Z,8761.5,316.1,50,0,1.4,0.0
2026-09-16T00:07:46.407964302Z,5330.3,308.4,48,0,1.5,0.0
2026-09-16T00:07:54.052673725Z,6082.7,326.8,49,0,1.4,0.0
2026-09-16T00:07:56.411505511Z,5608.0,304.0,45,0,1.4,0.0
2026-09-16T00:08:04.139486462Z,6163.5,303.7,43,0,1.3,0.0
2026-09-16T00:08:06.412574640Z,28426.1,246.8,45,0,1.2,0.0
2026-09-16T00:08:14.212258239Z,7949.4,296.0,38,0,1.2,0.0
2026-09-16T00:08:16.413453488Z,0.0,259.0,46,0,1.3,0.0
2026-09-16T00:08:24.307740046Z,10408.9,272.9,44,0,1.3,0.0
2026-09-16T00:08:26.414308507Z,25405.9,304.3,44,0,1.4,0.0
2026-09-16T00:08:34.341047013Z,1269.5,302.3,44,0,1.2,0.0
2026-09-16T00:08:36.415467915Z,0.0,254.5,42,0,1.3,0.0
2026-09-16T00:08:44.444034149Z,8052.2,291.6,36,0,1.2,0.0
2026-09-16T00:08:46.416275154Z,0.0,229.2,41,0,1.1,0.0
2026-09-16T00:08:54.526324836Z,8644.2,257.8,35,0,1.2,0.0
2026-09-16T00:08:56.417126373Z,0.0,257.6,33,0,1.1,0.0
2026-09-16T00:09:04.590862314Z,8085.7,256.4,35,0,1.2,0.0
2026-09-16T00:09:06.418976191Z,0.0,265.3,33,0,1.1,0.0
2026-09-16T00:09:14.701246180Z,8728.0,238.8,34,0,1.2,0.0
2026-09-16T00:09:16.419907260Z,0.0,191.4,40,0,1.1,0.0
2026-09-16T00:09:24.753266117Z,8697.7,228.2,38,0,1.2,0.0
2026-09-16T00:09:26.421067209Z,0.0,211.7,37,0,1.2,0.0
2026-09-16T00:09:34.848064564Z,8554.0,242.8,36,0,1.0,0.0
2026-09-16T00:09:36.422112677Z,0.0,209.0,35,0,1.1,0.0
2026-09-16T00:09:44.934141140Z,9070.5,226.1,27,0,1.0,0.0
2026-09-16T00:09:46.422985516Z,0.0,163.2,35,0,1.0,0.0
2026-09-16T00:09:54.940513319Z,9332.9,217.2,29,0,1.1,0.0
2026-09-16T00:09:56.423777524Z,0.0,211.0,28,0,1.0,0.0
2026-09-16T00:10:04.941456367Z,0.0,196.4,30,0,0.9,0.0
2026-09-16T00:10:06.424810953Z,0.0,156.4,29,0,1.0,0.0
2026-09-16T00:10:15.005316375Z,8563.9,186.1,30,0,0.9,0.0
2026-09-16T00:10:16.425737152Z,0.0,150.0,29,0,0.9,0.0
2026-09-16T00:10:25.105503051Z,8569.5,196.8,25,0,0.9,0.0
2026-09-16T00:10:26.426800230Z,0.0,189.2,25,0,0.9,0.0
2026-09-16T00:10:35.184525368Z,1887.9,179.2,28,0,1.0,0.0
2026-09-16T00:10:36.427836569Z,48458.1,183.4,28,0,1.1,0.0
2026-09-16T00:10:45.251780745Z,0.0,206.4,24,0,0.9,0.0
2026-09-16T00:10:46.429308508Z,0.0,183.4,24,0,0.9,0.0
2026-09-16T00:10:55.339489832Z,0.0,164.0,25,0,0.9,0.0
2026-09-16T00:10:56.430237616Z,15677.2,128.4,25,0,0.9,0.0
2026-09-16T00:11:05.439584618Z,7099.7,168.7,28,0,0.9,0.0
2026-09-16T00:11:06.431133985Z,0.0,141.2,28,0,1.0,0.0
2026-09-16T00:11:15.540893714Z,8917.6,188.9,24,0,1.0,0.0
2026-09-16T00:11:16.432253974Z,0.0,157.1,23,0,0.9,0.0
2026-09-16T00:11:25.592812642Z,897.8,142.1,23,0,0.9,0.0
2026-09-16T00:11:26.433093412Z,56128.0,133.3,22,0,0.9,0.0
2026-09-16T00:11:35.640153109Z,2572.8,140.0,23,0,0.6,0.0
2026-09-16T00:11:36.433914671Z,0.0,113.4,23,0,0.7,0.0
2026-09-16T00:11:45.725394016Z,8740.4,138.6,20,0,0.8,0.0
2026-09-16T00:11:46.434738790Z,0.0,141.0,20,0,0.8,0.0
2026-09-16T00:11:55.739818384Z,0.0,148.9,18,0,0.7,0.0
2026-09-16T00:11:56.435660748Z,0.0,129.4,18,0,0.7,0.0
2026-09-16T00:12:05.801524322Z,0.0,128.0,24,0,0.7,0.0
2026-09-16T00:12:06.436661467Z,0.0,100.8,24,0,0.8,0.0
2026-09-16T00:12:15.928178337Z,9444.1,137.4,18,0,0.8,0.0
2026-09-16T00:12:16.437537896Z,0.0,106.0,18,0,0.8,0.0
2026-09-16T00:12:25.970232315Z,0.0,119.4,20,0,0.6,0.0
2026-09-16T00:12:26.438212794Z,0.0,74.8,19,0,0.6,0.0
2026-09-16T00:12:36.013530673Z,8709.5,116.5,16,0,0.7,0.0
2026-09-16T00:12:36.438978063Z,0.0,112.8,16,0,0.7,0.0
2026-09-16T00:12:46.445548982Z,0.0,108.1,12,0,0.5,0.0
2026-09-16T00:12:46.468244951Z,0.0,528.5,20,0,0.5,0.0
2026-09-16T00:12:56.451968370Z,9433.1,101.8,15,0,0.6,0.0
2026-09-16T00:12:56.563866168Z,0.0,134.0,15,0,0.6,0.0
2026-09-16T00:13:06.452844959Z,0.0,93.3,19,0,0.5,0.0
2026-09-16T00:13:06.600043465Z,0.0,149.4,19,0,0.5,0.0
2026-09-16T00:13:16.453723847Z,9715.4,102.8,17,0,0.7,0.0
2026-09-16T00:13:16.692712682Z,0.0,142.3,17,0,0.7,0.0
2026-09-16T00:13:26.454518386Z,0.0,125.0,15,0,0.7,0.0
2026-09-16T00:13:26.808351758Z,0.0,124.3,14,0,0.6,0.0
2026-09-16T00:13:36.455296545Z,3000.1,88.9,18,0,0.8,0.0
2026-09-16T00:13:36.932772684Z,0.0,104.7,17,0,0.7,0.0
2026-09-16T00:13:46.456358563Z,6674.5,116.4,13,0,0.6,0.0
2026-09-16T00:13:46.958414442Z,0.0,97.6,12,0,0.5,0.0
2026-09-16T00:13:56.457956552Z,0.0,92.5,11,0,0.5,0.0
2026-09-16T00:13:57.067609428Z,0.0,90.2,11,0,0.5,0.0
