_step,_runtime,_timestamp,actor/train/advantage/abs_mean,actor/train/advantage/max,actor/train/advantage/min,actor/train/advantage/nonzero_frac,actor/train/entropy,actor/train/grad_norm,actor/train/is_ratio/max,actor/train/is_ratio/mean,actor/train/is_ratio/min,actor/train/kl,actor/train/kl_loss,actor/train/log_ratio/abs_mean,actor/train/loss,actor/train/perplexity,actor/train/pg_clipfrac,actor/train/pg_loss/clipped_mean,actor/train/pg_loss/unclipped_mean,actor/train/ppo_kl,actor/train/reduced_pg_loss,actor/train/sampler_is/weight_mean,actor/train/sampler_is/weight_min,actor/train/unreduced_pg_loss,actor/train/zero_tim/alignment_warning,actor/train/zero_tim/alignment_warning_count,actor/train/zero_tim/clip_hits,actor/train/zero_tim/first_order_kl,actor/train/zero_tim/gradient_nonzero,actor/train/zero_tim/hard_gate_pass,actor/train/zero_tim/n_action,actor/train/zero_tim/r_exact,actor/train/zero_tim/r_max,actor/train/zero_tim/r_min,actor/train/zero_tim/s_decode_vs_s_prefill_byte_fraction,actor/train/zero_tim/s_decode_vs_s_prefill_bytes,actor/train/zero_tim/s_decode_vs_s_prefill_element_fraction,actor/train/zero_tim/s_decode_vs_s_prefill_elements,actor/train/zero_tim/s_decode_vs_s_prefill_max_abs,actor/train/zero_tim/s_prefill_vs_t_old_byte_fraction,actor/train/zero_tim/s_prefill_vs_t_old_bytes,actor/train/zero_tim/s_prefill_vs_t_old_element_fraction,actor/train/zero_tim/s_prefill_vs_t_old_elements,actor/train/zero_tim/s_prefill_vs_t_old_max_abs,actor/train/zero_tim/second_order_kl,actor/train/zero_tim/t_old_vs_t_current_byte_fraction,actor/train/zero_tim/t_old_vs_t_current_bytes,actor/train/zero_tim/t_old_vs_t_current_element_fraction,actor/train/zero_tim/t_old_vs_t_current_elements,actor/train/zero_tim/t_old_vs_t_current_max_abs,actor/train/zero_tim/tis_hits,actor/train/zero_tim/w_exact,actor/train/zero_tim/w_max,actor/train/zero_tim/w_min,actor/train/zero_tim/wr_exact,actor/train/zero_tim/wr_max,actor/train/zero_tim/wr_min,deepswe/train/all_env_timeout_batch,deepswe/train/all_failed_prompt_groups,deepswe/train/all_failed_prompt_ratio,deepswe/train/all_sandbox_start_timeout_batch,deepswe/train/all_solved_prompt_groups,deepswe/train/all_solved_prompt_ratio,deepswe/train/compact_filtered_prompt_groups,deepswe/train/compact_filtered_prompt_ratio,deepswe/train/compact_filtered_trajectories,deepswe/train/compact_filtered_trajectory_ratio,deepswe/train/complete_trajectory_ratio,deepswe/train/effective_prompt_groups,deepswe/train/effective_prompt_ratio,deepswe/train/env_timeout_ratio,deepswe/train/env_timeout_trajectories,deepswe/train/incomplete_prompt_groups,deepswe/train/incomplete_prompt_ratio,deepswe/train/insufficient_cpu_ratio,deepswe/train/insufficient_cpu_trajectories,deepswe/train/insufficient_memory_ratio,deepswe/train/insufficient_memory_trajectories,deepswe/train/mixed_prompt_groups,deepswe/train/mixed_prompt_ratio,deepswe/train/nonzero_advantage_ratio,deepswe/train/raw_nonzero_advantage_ratio,deepswe/train/sandbox_start_timeout_ratio,deepswe/train/sandbox_start_timeout_trajectories,deepswe/train/scheduling_gated_ratio,deepswe/train/scheduling_gated_trajectories,deepswe/train/solved_trajectories,deepswe/train/status/env_timeout_count,deepswe/train/status/env_timeout_ratio,deepswe/train/status/model_timeout_count,deepswe/train/status/model_timeout_ratio,deepswe/train/status/reward_timeout_count,deepswe/train/status/reward_timeout_ratio,deepswe/train/status/timeout_count,deepswe/train/status/timeout_ratio,deepswe/train/timeout_ratio,deepswe/train/timeout_trajectories,deepswe/train/trajectory_solve_ratio,deepswe/train/unschedulable_ratio,deepswe/train/unschedulable_trajectories,generation/train/completions/clip_ratio,generation/train/completions/max_length,generation/train/completions/max_raw_length,generation/train/completions/mean_length,generation/train/completions/mean_raw_length,generation/train/completions/min_length,generation/train/completions/min_raw_length,generation/train/prompts/max_length,generation/train/prompts/mean_length,generation/train/prompts/min_length,perf/train/global_step_time,perf/train/rescore_b_seconds,perf/train/weight_sync_seconds,rewards/train/advantage/max,rewards/train/advantage/mean,rewards/train/advantage/min,rewards/train/advantage/std,sampler_trainer/train/logp_diff_max,sampler_trainer/train/logp_diff_mean,sampler_trainer/train/prob_diff_max,sampler_trainer/train/prob_diff_mean,sampler_trainer/train/probs_pearson_corr,trajectory/train/env_time/close_latency/max,trajectory/train/env_time/close_latency/mean,trajectory/train/env_time/close_latency/min,trajectory/train/env_time/reset_latency/max,trajectory/train/env_time/reset_latency/mean,trajectory/train/env_time/reset_latency/min,trajectory/train/env_time/step_latency/max,trajectory/train/env_time/step_latency/mean,trajectory/train/env_time/step_latency/min,trajectory/train/reward_time/reward_latency/max,trajectory/train/reward_time/reward_latency/mean,trajectory/train/reward_time/reward_latency/min,trajectory_rewards/train/max,trajectory_rewards/train/mean,trajectory_rewards/train/min,trajectory_rewards/train/sum
0,1737.933805936,1787514362.0931077,,,,,,,,,,,,,,,,,,,,,,,,,,,,,,,,,,,,,,,,,,,,,,,,,,,,,,,,0,7,0.875,0,0,0,0,0,0,0,1,1,0.125,0,0,0,0,0,0,0,0,1,0.125,0.125,0.125,0,0,0,0,2,0,0,0,0,0,0,0,0,0,0,0.015625,0,0,0,11894,13871,3366.3125,5141.625,836,1043,4096,4096,4096,904.0131776332855,28.923373903002357,,0.9333333333333333,1.734723475976807e-18,-0.13333333333333333,0.12472191289246472,21.311737060546875,0.11841334402561188,0.9999905228614807,0.03760881349444389,0.9542484879493713,3.1537479580001673,2.12152978682019,2.064719938993221,52.953534697997384,30.517919334148132,8.42173356499552,24.07391425401147,3.268867030211254,0.3379359660029877,6.026146710006287,2.4114208269995174,0.24798821199510712,1,0.015625,0,2
1,2259.811050057,1787514925.3292568,0.031029127538204193,0.9333333373069763,-0.13333334028720856,0.125,0.09179084002971649,0.0023192372173070908,731.48193359375,0.9904968738555908,2.0611548023907744e-09,0,0,0.31760507822036743,-5.9771351516246796e-05,0.9999401569366455,0.018979134038090706,-0.0024700176436454058,-0.0024138172157108784,0.19617046415805817,-5.9771351516246796e-05,1,1,-5.9771351516246796e-05,1,8,11472.75,0.1961704534833557,0.125,0,53861,0,4385110.110829999,2.4169964406998313e-10,0.4712902561385815,101146.25,0.6841138616470388,36710.375,5.932135717024648,0.6642699299672638,142647.875,0.7679593843872553,41222.25,16.945350237156617,0.5317135278432774,0.7520222793126459,161960.5,0.9999957078312387,53860.75,23.839351415634155,543.875,0,36.67256060079481,3.5555230954652815e-07,0,359.2261803915269,4.019827366523507e-11,0,4,0.5,0,0,0,3,0.375,10,0.078125,0.921875,2,0.25,0,0,3,0.375,0,0,0,0,1,0.125,0.1953125,0.25,0,0,0,0,2,0,0,7,0.0546875,0,0,0,0,0.0546875,7,0.015625,0,0,0.0234375,8599,16384,3275,6047.3984375,0,0,4096,4096,4096,554.4965071678162,22.703067331007333,8.541268572007539,1,1.734723475976807e-18,-0.06666666666666667,0.12909944487358055,28.92597198486328,0.11744146049022675,0.9999603629112244,0.03753412142395973,0.9529542922973633,2.3154935210041003,2.0834495701554943,2.057025990987313,23.360689383000135,17.891631264773423,8.34498917000019,12.31230748903181,2.8763003536791985,0,9.448269264990813,2.6985362497808865,0,1,0.015625,0,2
2,2694.799684178,1787515446.647814,0.03947850316762924,1,-0.06666667014360428,0.25,0.09494864195585251,0.0023958294186741114,716.10546875,0.9896402359008789,2.0611548023907744e-09,0,0,0.3182872533798218,-0.0018154652789235115,0.9981861710548401,0.03464101254940033,-0.0091626001521945,-0.009588874876499176,0.19961214065551758,-0.0018154652789235115,1,1,-0.0011625744528689626,1,8,11119,0.19961211954995273,0.125,0,52400,0,1797482.8994932002,3.7087787184230435e-10,0.4638761343535359,97508.25,0.6744447695541989,35451.75,4.229920290323207,0.6557416006121309,137949.875,0.7571929361935291,39812.375,18.878270861809142,0.5390041833191198,0.752481121615086,157774.125,0.9999949137369792,52399.75,23.72380042076111,526.625,0,58.794847665272485,5.656764557123062e-07,0,348.42443068495766,3.286740367698373e-10,0,3,0.375,0,0,0,4,0.5,6,0.046875,0.953125,2,0.25,0,0,4,0.5,0,0,0,0,1,0.125,0.2421875,0.25,0,0,0,0,3,0,0,2,0.015625,0,0,0,0,0.015625,2,0.0234375,0,0,0.03125,13324,16384,3409.625,5852.125,0,1071,4096,4096,4096,513.1217362880707,22.749545521990512,8.374551508008153,1,2.6020852139652106e-18,-0.13333333333333333,0.15456030825826172,23.90924644470215,0.11585564911365509,0.9999951720237732,0.03740301728248596,0.9520262479782104,2.243416855999385,2.084534735797206,2.0634606500098016,27.54900922300294,16.80978610730449,9.841188873993815,18.097170533947065,3.4568294168856255,0.3494722520117648,4.963645648997044,1.9930449528278587,0,1,0.0234375,0,3
3,3197.417374739,1787515881.7262547,0.050210513174533844,1,-0.13333334028720856,0.25,0.09446726739406586,0.0023014226462692022,450.33056640625,0.9827788472175598,2.0611548023907744e-09,0,0,0.3244062066078186,-0.0007074576569721103,0.9992927312850952,0.03561568260192871,-0.0070945811457931995,-0.006640628445893526,0.2051236629486084,-0.0007074576569721103,1,1,-0.0006739933226929336,1,8,11576.25,0.20512366861300202,0.125,0,54554,0,13629.216620128002,2.6830969476696532e-11,0.4623728013507236,100678.5,0.672199341815441,36579.25,4.3651352053520895,0.6546342339552217,142480.125,0.7552147501261095,41092.125,15.894062240662606,0.5482111748413697,0.7531445319369541,164308.375,0.9999858997472997,54553.25,24.809427738189697,543.625,0,42.74354936590919,4.1645917512920507e-07,0,230.3523947628131,2.8598994978221755e-11,0,6,0.75,0,0,0,2,0.25,2,0.015625,0.984375,0,0,0,0,2,0.25,0,0,0,0,0,0,0,0,0,0,0,0,0,0,0,0,0,0,0,0,0,0,0,0,0,0,0.015625,7838,16384,3203.953125,5750.203125,0,1441,4096,4096,4096,426.8077154159546,22.81986663900898,7.856998546994873,0,0,0,0,38.74768829345703,0.12350943684577942,1,0.03929015249013901,0.9523698687553406,4.160737042999244,2.0973427946630636,0.1691616769967368,25.65642217900313,17.993160922421907,8.692311056001927,15.69979818300635,3.4938980519036704,0.7122876020002877,19.761163431001478,4.670181464164784,0,0,0,0,0
4,3708.148042645,1787516383.6181853,0,0,0,0,0.09156849980354309,0,282.66015625,0.984699010848999,2.0611548023907744e-09,0,0,0.334355890750885,0,1,0,0,0,0.21102860569953918,0,1,1,0,1,8,11458.875,0.21102858020767118,0,0,51263.25,0,2018859.8960011539,5.412371646313778e-12,0.47917111156832537,98199,0.6942207819263844,35569.375,7.718153881585749,0.6717412182606319,137694.25,0.7769230222823603,39810.25,24.58163511258317,0.5855674703594314,0.7541466942309512,154652.75,0.9999876029485313,51262.625,29.70604634284973,542,0,55.3427062029274,6.089531814327481e-08,0,150.0452779384097,4.8379775351912765e-12,0,3,0.375,0,0,0,5,0.625,8,0.0625,0.9375,2,0.25,0,0,5,0.625,0,0,0,0,0,0,0.2265625,0.25,0,0,0,0,2,0,0,2,0.015625,0,0,0,0,0.015625,2,0.015625,0,0,0.046875,13907,16384,3350.015625,6619.5859375,0,0,4096,4096,4096,494.3348228931427,25.77173049900739,7.8895088599965675,1,1.734723475976807e-18,-0.06666666666666667,0.12909944487358055,28.900476455688477,0.11598072201013565,0.999997615814209,0.03770631551742554,0.9508741497993469,8.260952596989227,2.1537232548681686,2.062589270004537,30.41751991699857,18.806567720741896,9.19068769599835,9.023720492972643,3.5489818040455248,0,18.051092597001116,2.232483980437678,0,1,0.015625,0,2
5,4229.058887756,1787516895.0404007,0.04470685124397278,1,-0.06666667014360428,0.25,0.09070181101560593,0.0016854318091645837,442.186279296875,0.9863631725311279,2.0611548023907744e-09,0,0,0.3192601799964905,-0.0022346554324030876,0.9977678060531616,0.040061332285404205,-0.015108861960470676,-0.016030840575695038,0.1998182237148285,-0.0022346554324030876,1,1,-0.002165215089917183,1,8,11202.125,0.19981821559671017,0.125,0,53600.25,0,131088.5785853785,3.761763970064987e-10,0.4719276956744421,99978.125,0.6872017438405169,36394.625,5.468122261809533,0.6717921381065197,142521.125,0.7736414099002031,41014.125,18.793218748646012,0.5331135560983229,0.7526148865159361,161325.25,0.9999767745383621,53599.125,26.33515954017639,530.875,0,66.59051665210147,3.01376467192173e-06,0,285.76688613808295,1.0270813318528898e-10,0,3,0.375,0,0,0,3,0.375,4,0.03125,0.96875,3,0.375,0,0,3,0.375,0,0,0,0,2,0.25,0.3671875,0.375,0,0,0,0,3,0,0,0,0,0,0,0,0,0,0,0.0234375,0,0,0.03125,10843,16384,3671.1328125,6708.9296875,0,1488,4096,4096,4096,503.178019285202,25.425757876000716,7.182914795994293,1,2.6020852139652106e-18,-0.06666666666666667,0.15811388300841897,27.311737060546875,0.11943400651216507,0.9999998807907104,0.03817664459347725,0.9518547654151917,3.131817871995736,2.0958855741710067,2.065326569994795,24.39993412500189,17.900041817061947,8.551898821009672,24.693731047955225,3.932215955303377,0.6129959619865986,35.677570596002624,5.296767735062417,0,1,0.0234375,0,3
6,4770.18385636,1787517415.796381,0.05420028418302536,1,-0.06666667014360428,0.375,0.10022558271884918,0.0018940515583381057,506.32666015625,0.9899172782897949,2.0611548023907744e-09,0,0,0.31946200132369995,-0.001183809945359826,0.9988167881965637,0.06021493673324585,-0.008151190355420113,-0.007595492992550135,0.19870290160179138,-0.001183809945359826,1,1,-0.0011407840516298048,1,8,12473.25,0.19870289496700072,0.125,0,58738.125,0,179193.84523329884,2.6632668394976405e-10,0.46560043116481475,108718.875,0.6749747657206907,39403,5.020228416728969,0.6558566404035985,153219.125,0.7570565367954548,44209.125,17.012072314658326,0.5323785311296814,0.7522806919778973,176714.625,0.9999917945527856,58737.625,25.879207849502563,593.875,0,127.85009232523603,1.132855770146214e-06,0,275.4100897653705,2.988376320751184e-11,0,1,0.125,0,0,0,6,0.75,12,0.09375,0.90625,3,0.375,0,0,6,0.75,0,0,0,0,1,0.125,0.3515625,0.375,0,0,0,0,3,0,0,2,0.015625,0,0,0,0,0.015625,2,0.0234375,0,0,0.078125,12567,16384,3255.8046875,6882.8828125,0,431,4096,4096,4096,512.6513409614563,26.363555236006505,7.877660530997673,1,2.6020852139652106e-18,-0.06666666666666667,0.15811388300841897,20.999954223632812,0.11545094847679138,0.9999980926513672,0.03764170780777931,0.9503152370452881,3.122563066004659,2.0924332874066067,2.061722613987513,24.55012823198922,18.61348205156196,8.796070179989329,17.492361789976712,3.8742981644677457,0.2700078360066982,4.679336349989171,1.4189192149609653,0,1,0.0234375,0,3
7,5542.830186331,1787517961.1502476,0.049446359276771545,1,-0.06666667014360428,0.375,0.09202153235673904,0.0018715646583586931,636.01904296875,0.985980212688446,2.0611548023907744e-09,0,0,0.3233948349952698,1.530727604404092e-05,1.0000152587890625,0.05853145197033882,-0.002805751748383045,-0.0032610383350402117,0.20440344512462616,1.530727604404092e-05,1,1,7.075244753525175e-05,1,8,10932.125,0.20440344208528355,0.125,0,52092.875,0,363799.21681996627,4.3148970359028856e-10,0.46008665093360124,95561.75,0.6679054350905969,34686.125,5.456628626168367,0.6531749415998456,135767.5,0.7519499554342625,39058.625,14.850417948471659,0.5522551150978933,0.7527775309323594,156896.75,0.9999907748126462,52092.375,24.295870780944824,523.25,0,42.89569604783509,4.34771599712888e-07,0,282.60178311529324,1.324551485236799e-10,0,2,0.25,0,0,0,5,0.625,10,0.078125,0.921875,1,0.125,0,0,5,0.625,0,0,0,0,1,0.125,0.125,0.125,0,0,0,0,1,0,0,0,0,0,0,0,0,0,0,0.0078125,0,0,0.078125,10799,16384,3858.59375,8017.6484375,0,1787,4096,4096,4096,536.6519422531128,27.75243483200029,7.74463901699346,1,8.673617379884035e-19,-0.06666666666666667,0.09128709291752768,33.4291877746582,0.11751675605773926,0.9999980926513672,0.03808284178376198,0.946398913860321,2.825197844009381,2.0933403030873023,2.06430223400821,26.17754652100848,17.25779016855506,8.474045943992678,23.222086308989674,6.946296768195111,0.4597446999978274,7.174195008992683,3.110427618476706,0,1,0.0078125,0,1
8,6075.246221348,1787518730.8720984,0.02048986218869686,1,-0.06666667014360428,0.125,0.10385416448116302,0.0013156316708773375,558.630859375,0.9835346937179565,2.0611548023907744e-09,0,0,0.32926201820373535,-0.0009102097246795893,0.9990901947021484,0.018771953880786896,-0.0053497799672186375,-0.006007533520460129,0.21108107268810272,-0.0009102097246795893,1,1,-0.0009873461420253171,1,8,12797.125,0.21108106539679977,0.125,0,61737.5,0,508342.9145623306,1.7520515741424396e-10,0.4618604507601295,113259.875,0.6701600058534295,41116.5,10.526217701019903,0.6613303405755285,162647.5,0.7572392568214548,46532,20.94590880011674,0.582649834468528,0.7545240717193902,186359,0.9999788347338789,61736.25,25.29848313331604,612.875,0,76.48547271700087,5.514458035322646e-09,0,219.5185156861777,1.4767333484669655e-11,0,4,0.5,0,0,0,4,0.5,9,0.0703125,0.9296875,1,0.125,0,0,4,0.5,0,0,0,0,0,0,0.109375,0.125,0,0,0,0,1,0,0,0,0,0,0,0,0,0,0,0.0078125,0,0,0.0703125,11569,16384,4063.5859375,8023.0546875,0,2392,4096,4096,4096,760.3350894451141,28.64563338200969,8.337607669003773,1,8.673617379884035e-19,-0.06666666666666667,0.09128709291752768,27.27597427368164,0.11507299542427063,0.999997615814209,0.037204887717962265,0.9481085538864136,3.1309186610014876,2.108274112960089,2.065533418994164,25.456924901009188,17.908649350015367,8.74659325000539,304.618591654973,14.96323639270122,0.8020889550243737,11.255339382012608,2.7384020055316114,0,1,0.0078125,0,1
9,6652.951149107,1787519262.0349145,0.015941813588142395,1,-0.06666667014360428,0.125,0.1059654951095581,0.0012164860963821411,581.34033203125,0.9851409196853638,2.0611548023907744e-09,0,0,0.3185576796531677,0.00018744304543361068,1.0001873970031738,0.017330225557088852,-0.0003306902071926743,-0.00012210120621602982,0.20143482089042664,0.00018744304543361068,1,1,0.0001764169761112758,1,8,13121.375,0.20143481797155055,0.125,0,65017.375,0,645566.4120306025,6.906672215733132e-11,0.45626204602860393,118722.875,0.6643627025982628,43211.375,8.048377553679593,0.6584234774666164,171178.75,0.7533576847600683,48977,18.17143374076113,0.5545486020783331,0.7528575790361655,195726,0.9999917128246956,65016.875,26.90876054763794,666.375,0,45.07650560567149,4.262756914422615e-07,0,229.60857043202657,4.572839585486706e-11,0,1,0.125,0,0,0,5,0.625,14,0.109375,0.890625,4,0.5,0,0,5,0.625,0,0,0,0,2,0.25,0.4765625,0.5,0,0,0,0,6,0,0,1,0.0078125,0,0,0,0,0.0078125,1,0.046875,0,0,0.1015625,11152,16384,4037.34375,8561.390625,0,1977,4096,4096,4096,523.0186636447906,31.612813325002207,9.013283758002217,1,4.336808689942018e-18,-0.2,0.2160246899469287,19.499990463256836,0.12020231038331985,0.9999967217445374,0.038844771683216095,0.9468398094177246,2.819492291993811,2.100373485406976,2.06784664800216,24.724968864000402,17.445359921226327,9.184240675007459,16.886478009968414,5.082996029414062,0.4400339550047647,7.43352371500805,2.6999843834531703,0,1,0.046875,0,6
10,7317.950981979,1787519841.5285676,0.0873982310295105,1,-0.20000000298023224,0.5,0.11340491473674774,0.0040331995114684105,1480.3994140625,0.9878832101821899,2.0611548023907744e-09,0,0,0.334079772233963,0.0024904494639486074,1.0024935007095337,0.07881133258342743,0.0028426770586520433,0.002960199024528265,0.2136908620595932,0.0024904494639486074,1,1,0.0028734511058581503,1,8,13757.25,0.21369085289239817,0.125,0,64597.5,0,148248.6370607113,2.3639374158430425e-11,0.4694975888809154,120624.5,0.6812848041135415,43758.625,5.100758709945467,0.6695810702324555,172122.375,0.7678970623574813,49323.75,16.53830794292196,0.5874860740894221,0.7542440395467915,194910,0.9999881158734427,64596.75,27.068307638168335,672,0,56.06025136339641,1.1488615445868135e-07,0,352.61544602987897,2.189469385242284e-11,0,2,0.25,0,0,0,5,0.625,8,0.0625,0.9375,1,0.125,0,0,5,0.625,0,0,0,0,1,0.125,0.125,0.125,0,0,0,0,2,0,0,0,0,0,0,0,0,0,0,0.015625,0,0,0.0625,10170,16384,3784.5546875,7853.0703125,0,2181,4096,4096,4096,569.5733776092529,29.20955927199975,7.760026274991105,0.9333333333333333,1.734723475976807e-18,-0.13333333333333333,0.12472191289246472,32.16424560546875,0.12152128666639328,0.9999961853027344,0.039603788405656815,0.9442594051361084,3.1528507890034234,2.112279342117972,2.064980639013811,25.857913651998388,18.355915141468586,9.495606406999286,23.63087889799499,6.474617703915328,0.6129734889982501,52.24228033199324,9.691008902148155,0,1,0.015625,0,2
11,7852.421589002,1787520504.5351434,0.03482381999492645,0.9333333373069763,-0.13333334028720856,0.125,0.10027946531772614,0.0014588821213692427,930.6396484375,0.9846406579017639,2.0611548023907744e-09,0,0,0.3379528820514679,-0.001158050145022571,0.9988426566123962,0.018863756209611893,-0.007443515583872795,-0.007355882320553064,0.21699190139770508,-0.001158050145022571,1,1,-0.0012352534880240758,1,8,12898.875,0.2169919086161861,0.125,0,60552.875,0,20683035.196682,1.377760589596363e-11,0.46805135286727095,112706.625,0.6807185830681579,40998.75,7.408031576037644,0.66765842836348,161107.375,0.7653600253063348,46141.125,23.512768644839525,0.6094100381828298,0.7546261909115068,182790.75,0.9999757182625418,60551.375,27.7446231842041,640.25,0,74.20525281660565,2.7347019579909837e-08,0,233.94353764432213,1.97528890788285e-11,0,0,0,0,0,0,7,0.875,15,0.1171875,0.8828125,4,0.5,0,0,7,0.875,0,0,0,0,1,0.125,0.453125,0.5,0,0,0,0,8,0,0,0,0,0,0,0,0,0,0,0.0625,0,0,0.1171875,10947,16384,4048.8125,8999.5,0,2751,4096,4096,4096,655.0944147109985,31.647738895000657,9.382572859001812,1,3.469446951953614e-18,-0.2,0.2472066162365221,28.042369842529297,0.1171715259552002,0.9999980330467224,0.03808145225048065,0.9431726932525635,3.143968649994349,2.0968321442815068,2.064811979988008,25.361089218000416,16.341634644445662,9.56177874399873,305.1378221190098,13.133725333807092,1.0685092240019003,30.956639047988574,2.611911172710279,0,1,0.0625,0,8
12,8415.794776064,1787521038.9109182,0.11890064924955368,1,-0.20000000298023224,0.5,0.10569651424884796,0.004252186510711908,2248.705078125,0.9887775182723999,2.0611548023907744e-09,0,0,0.32382261753082275,0.00025238702073693275,1.0002524852752686,0.0714886412024498,-0.005907105747610331,-0.005069987382739782,0.2051471471786499,0.00025238702073693275,1,1,0.0005021893081411851,1,8,13081.125,0.20514714543429108,0.125,0,64781,0,296637.65978087316,2.8481386316576025e-11,0.44546374001730593,115270.875,0.6467795569651469,41842,7.6434470874601175,0.6397746303422112,165540.125,0.7312616106976384,47303.5,17.148983416554984,0.5751258664929514,0.7538859040086177,195341.375,0.9999903810643272,64780.375,25.477923154830933,670.75,0,56.08266119772573,4.223927991634958e-07,0,455.4690857107304,2.291654451639772e-11,0,1,0.125,0,0,0,6,0.75,15,0.1171875,0.8828125,3,0.375,0,0,6,0.75,0,0,0,0,1,0.125,0.34375,0.375,0,0,0,0,3,0,0,2,0.015625,0,0,0,0,0.015625,2,0.0234375,0,0,0.1015625,9663,16384,3785.515625,8876.2265625,0,0,4096,4096,4096,526.53591132164,31.34426041400002,7.547655476999353,1,2.6020852139652106e-18,-0.06666666666666667,0.15811388300841897,22.74997329711914,0.11447516083717346,0.9999984502792358,0.03773893415927887,0.9386105537414551,3.089777731001959,2.103022378985429,2.0624365900002886,23.39912288400228,16.888764302616664,9.512419806007529,31.6296488319349,5.273200513539564,0,8.571549648011569,2.532218418406501,0,1,0.0234375,0,3
13,8956.779953675,1787521603.4415922,0.05578029155731201,1,-0.06666667014360428,0.375,0.09252901375293732,0.0019685053266584873,558.71533203125,0.9849972724914551,2.0611548023907744e-09,0,0,0.3280823230743408,-0.0016324969474226236,0.9983687996864319,0.04990493506193161,-0.009946104139089584,-0.009975038468837738,0.21256056427955627,-0.0016324969474226236,1,1,-0.0016009907147525686,1,8,11887.875,0.21256056068137671,0.125,0,60568.25,0,480042.48101989983,4.330650528117853e-10,0.4404424212247572,106140.625,0.6405511436364483,38606.25,8.678483751973545,0.6428912233837902,155184.75,0.7304425120515309,44066.625,18.08300178564349,0.5961278844127831,0.7546377362269089,182830,0.999981653892948,60567.25,25.711463928222656,598.375,0,59.04795282359235,1.0525050362562854e-07,0,268.07268650562054,4.277364398309568e-10,0,0,0,0,0,0,7,0.875,19,0.1484375,0.8515625,4,0.5,0,0,7,0.875,0,0,0,0,1,0.125,0.46875,0.5,0,0,0,0,11,0,0,2,0.015625,0,0,0,0,0.015625,2,0.0859375,0,0,0.1328125,9537,16384,3977.40625,9659.1953125,0,0,4096,4096,4096,555.5312721729279,33.583105154000805,7.458529233990703,1,6.938893903907228e-18,-0.3333333333333333,0.27588242262078083,17.092060089111328,0.11772061884403229,0.9999960064888,0.038781385868787766,0.9402025938034058,4.182992379995994,2.114139216554804,2.0632290889916476,29.52630759800377,17.02811518207102,8.675708958005998,20.397458394945716,6.194759702801207,0,66.15593844398973,5.967465528702519,0,1,0.0859375,0,11
14,9681.012911529,1787522144.5356717,0.15772071480751038,1,-0.3333333432674408,0.5,0.10518155246973038,0.01550017949193716,738.67626953125,0.986430287361145,2.0611548023907744e-09,0,0,0.33430907130241394,-0.0048313019797205925,0.9951803684234619,0.06368067860603333,-0.027006937190890312,-0.027042832225561142,0.21688632667064667,-0.0048313019797205925,1,1,-0.005383566910520606,1,8,12882.125,0.21688631441739076,0.125,0,63638.5,0,3795704.5057925135,9.181170380457055e-12,0.4494863551810395,114128.25,0.6532429627506727,41476.25,5.137143998089414,0.6508577281682575,165430.125,0.7415633517100579,47116.5,15.238574618895655,0.6070349287024677,0.7547553894848053,192083.5,0.9999891326385012,63637.75,26.82515239715576,652.375,0,57.165147895621246,8.275403496552012e-07,0,317.3767288315447,5.977811347615238e-12,0,1,0.125,0,0,0,7,0.875,20,0.15625,0.84375,2,0.25,0,0,7,0.875,0,0,0,0,0,0,0.21875,0.25,0,0,0,0,3,0,0,1,0.0078125,0,0,0,0,0.0078125,1,0.0234375,0,0,0.1484375,10561,16384,3911.9921875,9320.4609375,0,601,4096,4096,4096,531.9846985340118,33.28629019801156,8.39799775100255,1,8.673617379884035e-19,-0.13333333333333333,0.15456030825826172,24.48577880859375,0.11446703225374222,0.9999999403953552,0.03756445273756981,0.941850483417511,3.0152264249918517,2.1077678036557472,2.0614742299949285,23.825126611001906,16.39471033817199,9.364420023994171,20.554992166973534,5.814977272324882,0.8196413609985029,12.222429529996589,3.5433617370615593,0,1,0.0234375,0,3
15,10652.748815663,1787522870.834778,0.03933504968881607,1,-0.13333334028720856,0.25,0.10309074819087982,0.0031238875817507505,392.402587890625,0.9851889610290527,2.0611548023907744e-09,0,0,0.3207642734050751,0.0023718089796602726,1.0023746490478516,0.03471003845334053,0.006784740835428238,0.006532315630465746,0.2049822211265564,0.0023718089796602726,1,1,0.0024596536876978696,1,8,12220.5,0.2049822312970186,0.125,0,62591.875,0,120170.52814302381,4.988312576441049e-11,0.4407540482305614,110454.5,0.6382882281300476,39983.5,9.533134212686093,0.636701232314388,159450.625,0.7245798846633553,45373.125,17.778798937428363,0.5846426900846482,0.7527092052694966,188442.75,0.9999902994213314,62591.25,27.475717067718506,618.125,0,44.936064174071035,1.353984439743901e-07,0,226.5971169434637,9.460448668325257e-12,0,0,0,0,0,0,8,1,26,0.203125,0.796875,4,0.5,0,0,8,1,0,0,0,0,0,0,0.421875,0.5,0,0,0,0,5,0,0,0,0,0,0,0,0,0,0,0.0390625,0,0,0.203125,13108,16384,3734.3359375,10219.171875,0,1269,4096,4096,4096,718.0459749698639,35.61055056899204,8.742726816009963,1,4.336808689942018e-18,-0.13333333333333333,0.20138409955990955,19.8745174407959,0.11467266082763672,0.9999978542327881,0.03786861523985863,0.9391220211982727,2.9532240480039036,2.1039278300158912,2.0612394510098966,24.183939164009644,16.37081113741351,9.817125917994417,305.0085162700416,9.789206004968491,0.3422367549937917,19.546887231990695,5.010331643078075,0,1,0.0390625,0,5
16,11250.684636555,1787523841.0563302,0.08387716859579086,1,-0.13333334028720856,0.5,0.10295594483613968,0.0037934642750769854,3497.201171875,0.9915285110473633,2.0611548023907744e-09,0,0,0.3324298858642578,-0.0015041662845760584,0.9984968900680542,0.06583674997091293,-0.009348200634121895,-0.009243324398994446,0.21622663736343384,-0.0015041662845760584,1,1,-0.0013604862432853848,1,8,11732.5,0.2162266300921926,0.125,0,59749.375,0,34054157.010782726,7.8057715989151e-12,0.43852198707058343,103900.375,0.6362368558973597,37718.125,4.185915288187857,0.6344513385796154,150819.125,0.7226230049907247,42917.5,16.683357298821647,0.627821766242927,0.7547648365664749,180326.375,0.9999807658038471,59748.25,28.352299690246582,610.25,0,36.664540316888676,1.6594434640062197e-07,0,659.2458128078546,4.539532673304786e-12,0,0,0,0,0,0,8,1,22,0.171875,0.828125,4,0.5,0,0,8,1,0,0,0,0,0,0,0.40625,0.5,0,0,0,0,11,0,0,3,0.0234375,0,0,0,0,0.0234375,3,0.0859375,0,0,0.1484375,9857,16384,4251.5078125,10007.0859375,0,1926,4096,4096,4096,960.5607216358185,34.38894271600293,7.8840713019890245,1,8.673617379884035e-18,-0.3333333333333333,0.27588242262078083,37.249996185302734,0.11798262596130371,0.9999975562095642,0.038446031510829926,0.9416520595550537,3.117258087004302,2.1009435896178275,2.0663798590103397,27.45844851899892,17.749524096633536,9.210013675008668,602.9648904879723,10.75061150132126,1.1530718149879249,140.57885094199446,2.7260548991946507,0,1,0.0859375,0,11
17,11855.848245424,1787524437.6056132,0.1500978320837021,1,-0.3333333432674408,0.5,0.11672808229923248,0.005941338837146759,396.48583984375,0.9793163537979126,2.0611548023907744e-09,0,0,0.33806270360946655,-0.0006275874329730868,0.9993726015090942,0.06886176764965057,-0.010258316993713379,-0.011064513586461544,0.221882164478302,-0.0006275874329730868,1,1,-0.0001393203746597722,1,8,13735.25,0.2218821599717153,0.125,0,68024.125,0,2909781.5201709573,7.725554436610787e-12,0.44781575937954654,122111.75,0.6482693492916156,44199.125,9.342674490138734,0.6425273011077159,175038.375,0.7318524489733276,49862.375,15.487905480833781,0.6380231411069512,0.7548652280062547,205280.375,0.9999902541756658,68023.5,26.916403770446777,692.25,0,41.438641341747335,9.646405885842673e-07,0,200.922333052683,6.652646606900377e-12,0,0,0,0,0,0,8,1,27,0.2109375,0.7890625,5,0.625,0,0,8,1,0,0,0,0,0,0,0.5,0.625,0,0,0,0,8,0,0,0,0,0,0,0,0,0,0,0.0625,0,0,0.2109375,9713,16384,3733.53125,10820.96875,0,2557,4096,4096,4096,588.3103353977203,37.360836485007894,9.307597966006142,1,-3.469446951953614e-18,-0.26666666666666666,0.2449489742783178,27.52479362487793,0.11957785487174988,0.9999967217445374,0.03930241987109184,0.9363330006599426,3.133376142999623,2.1093312520778227,2.0652894100057893,51.12802276300499,16.633671369078,9.483589463008684,24.94116521801334,6.8390167133080695,0.5765448089950951,7.287129919001018,2.366566665515279,0,1,0.0625,0,8
18,12454.273861757,1787525042.721631,0.12213890999555588,1,-0.2666666805744171,0.625,0.10555241256952286,0.04242203012108803,55988.8125,1.1022489070892334,2.0611548023907744e-09,0,0,0.34582895040512085,-5.06499782204628e-05,0.9999492764472961,0.09123829752206802,-0.01653987728059292,-0.008026955649256706,0.2303309440612793,-5.06499782204628e-05,1,1,0.00019574349764550086,1,8,12238,0.23033095444703985,0.125,0,59736.5,0,190082.11914279553,1.6587742527792416e-11,0.439920489603127,104869.875,0.6395129939442088,38124.625,4.1781941791997355,0.6386482839843781,152522.75,0.7268269132784649,43370.625,20.30094323397134,0.6686003343390405,0.7561308796751847,180671.25,0.9999897370202151,59735.875,27.343335390090942,632,0,48.47744248435069,1.447972209009804e-08,0,7222.933117602117,1.3749360593040666e-11,0,1,0.125,0,0,0,6,0.75,24,0.1875,0.8125,2,0.25,0,0,6,0.75,0,0,0,0,1,0.125,0.2265625,0.25,0,0,0,0,2,0,0,0,0,0,0,0,0,0,0,0.015625,0,0,0.1875,10064,16384,4005.6640625,10255.7890625,0,1799,4096,4096,4096,596.8874669075012,36.47041269800684,7.783259663003264,1,1.734723475976807e-18,-0.06666666666666667,0.12909944487358055,21.625,0.11340583115816116,0.9999980926513672,0.037280529737472534,0.934838056564331,3.025946543988539,2.100258736053661,2.0661553199897753,27.58329245900677,17.522254324703454,8.524660269991728,22.14490635895345,7.194097535935498,0.5881649069342529,26.632631152999238,4.649322493547629,0,1,0.015625,0,2
19,13060.279228241,1787525642.1073585,0.032991982996463776,1,-0.06666667014360428,0.25,0.10026402771472931,0.0016441139159724116,922.4638671875,0.9819985032081604,2.0611548023907744e-09,0,0,0.33832651376724243,5.0013011787086725e-05,1.0000499486923218,0.036802586168050766,-0.0019351061200723052,-0.0018342140829190612,0.22543805837631226,5.0013011787086725e-05,1,1,-3.675715281413152e-06,1,8,12432.875,0.22543806445524667,0.125,0,64090.625,0,4117823.00219898,4.532676644323163e-12,0.42285874135214857,108877.125,0.612112436338178,39403.125,5.46164465007946,0.614487654174416,158167,0.6962964129190126,44812.375,18.259244032233255,0.6734496217751755,0.7556656332184144,193756.75,0.9999829249847441,64089.625,32.05238437652588,631.75,0,102.49634242175259,7.681155023654844e-08,0,319.6974515929844,3.739981839618172e-12,0,0,0,0,0,0,8,1,25,0.1953125,0.8046875,4,0.5,0,0,8,1,0,0,0,0,0,0,0.421875,0.5,0,0,0,0,7,0,0,0,0,0,0,0,0,0,0,0.0546875,0,0,0.1953125,11010,16384,3919.09375,10359,0,1935,4096,4096,4096,590.2046210765839,35.43395912498818,7.840446700996836,1,6.938893903907228e-18,-0.2,0.23213980461973532,31.7100887298584,0.11641593277454376,0.9999976754188538,0.03835165128111839,0.9353101849555969,4.155403305994696,2.0969282616948703,1.0829161899891915,28.45333002100233,21.364154601812288,9.253881138007273,20.904169331042795,6.470781700060911,1.2995046589785488,17.97684594200109,3.2779442225318007,0,1,0.0546875,0,7
20,13679.710290853,1787526248.3085072,0.10396429151296616,1,-0.20000000298023224,0.5,0.10212938487529755,0.008050944656133652,1048.974609375,0.9827374219894409,2.0611548023907744e-09,0,0,0.3446422219276428,0.0014729995746165514,1.0014740228652954,0.06699763238430023,-0.001480733510106802,-0.0015847035683691502,0.22919240593910217,0.0014729995746165514,1,1,0.0018612403892776341,1,8,12425.625,0.2291923928417397,0.125,0,62705.5,0,413805.9223906344,6.062974979688339e-12,0.43192231592837216,108524.125,0.6288116441669147,39506.375,5.609259834297973,0.6342915277649517,159396.75,0.7194712821705569,45199.75,18.9359177100075,0.6867007195578283,0.7553662903327302,189462.25,0.999988611393773,62704.75,28.681604146957397,661.75,0,44.035053877324884,6.03635875522885e-08,0,294.58371622427245,2.28811022011432e-12,0,0,0,0,0,0,8,1,32,0.25,0.75,3,0.375,0,0,8,1,0,0,0,0,0,0,0.3203125,0.375,0,0,0,0,4,0,0,1,0.0078125,0,0,0,0,0.0078125,1,0.03125,0,0,0.2421875,9364,16384,3922.15625,11471.71875,0,0,4096,4096,4096,596.8188853263855,39.031059919987456,8.804516847012565,1,5.204170427930421e-18,-0.13333333333333333,0.17950549357115014,33.233699798583984,0.11858803778886795,1,0.03897390142083168,0.9346532821655273,3.0406548419996398,2.093612568124513,2.0612916109967045,25.337962387988227,17.559351515141316,8.384359907999169,23.879594220939907,7.188789359898237,0,52.77424538000196,6.919864829031553,0,1,0.03125,0,4
21,14320.277391001,1787526866.900476,0.06624899804592133,1,-0.13333334028720856,0.375,0.10986959934234619,0.002867814851924777,4719.44140625,1.0018489360809326,2.0611548023907744e-09,0,0,0.3472054600715637,-0.001132773351855576,0.9988678693771362,0.055726297199726105,-0.0070707229897379875,-0.007027423940598965,0.23077154159545898,-0.001132773351855576,1,1,-0.0013918697368353605,1,8,12486.375,0.23077153417032803,0.125,0,62754.5,0,27176868307153.87,3.9776188504548723e-10,0.4437267714710258,110013.375,0.6421364546927022,39825.125,9.534106589460862,0.6406913151227817,159302.375,0.7271593988628111,45184.375,19.118401091953274,0.6744691724571084,0.7558695427435187,189634.5,0.9999865336022981,62753.625,28.707512617111206,666.75,0,124.20923746188711,1.461713631921769e-07,0,857.5583059416115,2.6207007685841577e-12,0,0,0,0,0,0,8,1,35,0.2734375,0.7265625,5,0.625,0,0,8,1,0,0,0,0,0,0,0.5,0.625,0,0,0,0,14,0,0,0,0,0,0,0,0,0,0,0.109375,0,0,0.2734375,10974,16384,3685.3515625,11178.359375,0,2417,4096,4096,4096,610.0418832302094,38.16871786299453,9.012323004004429,1,6.938893903907228e-18,-0.4,0.3073181485764296,19.485820770263672,0.11619072407484055,0.9999921917915344,0.03822477534413338,0.9319135546684265,2.111110861005727,2.079569513297429,2.062508449991583,23.9229010729905,16.370493159468538,8.228516465009307,23.7464764869801,7.101400711802739,0.3389991639996879,51.59957334899809,5.840911316070105,0,1,0.109375,0,14
22,14954.489676441,1787527508.6736953,0.19352853298187256,1,-0.4000000059604645,0.625,0.10345937311649323,0.0072189392521977425,453.2333984375,0.9798067808151245,2.0611548023907744e-09,0,0,0.3381825089454651,-0.0037383735179901123,0.996268630027771,0.07747786492109299,-0.021489890292286873,-0.020219089463353157,0.2244763821363449,-0.0037383735179901123,1,1,-0.0038827598415395264,1,8,11368.5,0.2244763818506031,0.125,0,58965.625,0,32894816.2414123,7.573485679427868e-12,0.4246375685606215,99621,0.6158697398250665,36133.25,6.839232927975075,0.6200272217209502,145889.125,0.7023044596756007,41271.875,16.702588009950887,0.6655073767647192,0.754843219669413,178049.25,0.9999918946755414,58965.125,26.74044942855835,615.625,0,69.07056797948107,2.7860239929560734e-07,0,218.50613856378635,7.628695329220465e-12,0,0,0,0,0,0,8,1,47,0.3671875,0.6328125,3,0.375,0,0,8,1,0,0,0,0,0,0,0.2578125,0.375,0,0,0,0,4,0,0,3,0.0234375,0,0,0,0,0.0234375,3,0.03125,0,0,0.34375,10504,16384,3433.3984375,11917.703125,0,0,4096,4096,4096,632.2714819908142,39.55180842199479,8.12175821600249,1,2.6020852139652106e-18,-0.13333333333333333,0.17950549357115014,32.37498474121094,0.118192158639431,0.9999997019767761,0.03880229592323303,0.9306211471557617,3.0010302279988537,2.092084953351332,2.062008840002818,22.32305698399432,15.687566247039172,8.617596640004194,24.10937631696288,8.053972620623995,0,6.348275150012341,1.9849036885476607,0,1,0.03125,0,4
23,15584.985698224,1787528144.6960583,0.08172260224819183,1,-0.13333334028720856,0.375,0.11109144985675812,0.004193505272269249,1358.9384765625,0.983244776725769,2.0611548023907744e-09,0,0,0.3371979594230652,-0.006458343006670475,0.9935624003410339,0.04756848141551018,-0.026290494948625565,-0.025608966127038002,0.22336959838867188,-0.006458343006670475,1,1,-0.005173298863717067,1,8,10562.75,0.2233695968601192,0.125,0,54934.375,0,791750225.0862484,1.9397727849458152e-11,0.4261244673123405,93868.5,0.6181333230850192,34055,6.641964110401204,0.6228080540074017,137298,0.7042945877910503,38827.5,22.09149997446457,0.6746415029312899,0.7550324115816176,165875.5,0.9999820517969719,54933.5,28.01178789138794,572.5,0,62.03362701218001,1.0197871814918131e-08,0,301.10254886358945,3.4706667083412613e-12,0,0,0,0,0,0,8,1,28,0.21875,0.78125,6,0.75,0,0,8,1,0,0,0,0,0,0,0.609375,0.75,0,0,0,0,14,0,0,1,0.0078125,0,0,0,0,0.0078125,1,0.109375,0,0,0.2109375,10801,16384,3840.125,10387.2890625,0,2046,4096,4096,4096,627.5827791690826,36.355469961999916,9.085858619000646,1,1.0408340855860843e-17,-0.26666666666666666,0.31972210155418135,27.81292724609375,0.11641174554824829,0.9999991655349731,0.03849281370639801,0.9275389313697815,3.064166245996603,2.096653408156726,2.0638910199922975,28.933011760993395,16.898991387945557,8.685979355999734,12.679567790968576,5.206554159117786,0.998966915984056,12.548865896998905,2.160519665499919,0,1,0.109375,0,14
24,16233.888529492,1787528772.2461874,0.19744175672531128,1,-0.2666666805744171,0.75,0.09643813222646713,0.007748244795948267,669.41943359375,0.9830024242401123,2.0611548023907744e-09,0,0,0.34264326095581055,0.0030111693777143955,1.0030156373977661,0.09938503056764603,-0.0050605712458491325,-0.004111267626285553,0.2296881079673767,0.0030111693777143955,1,1,0.0034100008010864258,1,8,11723.5,0.229688102457609,0.125,0,61442,0,65985566.08086216,2.0024787723765827e-11,0.42480006711337925,103476,0.6149835722598677,37454.5,9.208989703396043,0.6189149631443371,150988,0.6993541156738825,42631,20.00001757678615,0.7011472591268413,0.7557491522330145,185693.125,0.9999900275708165,61441.375,30.780559301376343,632.75,0,74.47270136202907,2.632676698590244e-07,0,246.13366190147147,1.9178536703288118e-12,0,0,0,0,0,0,7,0.875,30,0.234375,0.765625,7,0.875,0,0,7,0.875,0,0,0,0,1,0.125,0.6640625,0.875,0,0,0,0,17,0,0,1,0.0078125,0,0,0,0,0.0078125,1,0.1328125,0,0,0.2265625,10771,16384,4079.6953125,11433.9765625,0,816,4096,4096,4096,619.2092041969299,37.83381752799323,8.078007273987168,1,8.673617379884035e-18,-0.3333333333333333,0.3456073558887954,22.87444496154785,0.12105212360620499,0.9999955296516418,0.03995576500892639,0.9251626133918762,2.8470826690027025,2.0854282046726667,2.059921951004071,22.56958622499951,16.60988557914027,8.457725910004228,34.28169325194904,7.393156046738454,0.6058491219882853,44.718589283991605,3.8246382546243467,0,1,0.1328125,0,17
25,16927.465198955,1787529422.0662494,0.2428572028875351,1,-0.3333333432674408,0.875,0.10744713246822357,0.008992139250040054,402.996826171875,0.9796072244644165,2.0611548023907744e-09,0,0,0.35101431608200073,-0.002854214981198311,0.9971498847007751,0.1173238754272461,-0.0218501016497612,-0.021753109991550446,0.2366098165512085,-0.002854214981198311,1,1,-0.0015241415144837632,1,8,12709.875,0.23660980596327857,0.125,0,65275.125,0,73763691.54794048,5.357878584223894e-12,0.4345561722431681,112736.75,0.6311788224707654,40958,9.289320444136138,0.6373846925967119,165728.75,0.7200618778837471,46781.125,18.12240016454598,0.7405729871075843,0.7558379275859811,197305.875,0.9999874366111576,65274.375,30.706719875335693,705.875,0,62.0751441916933,1.688231710586135e-08,0,171.33828120620342,3.610872823815808e-12,0,0,0,0,0,0,8,1,48,0.375,0.625,6,0.75,0,0,8,1,0,0,0,0,0,0,0.5234375,0.75,0,0,0,0,18,0,0,0,0,0,0,0,0,0,0,0.140625,0,0,0.375,9676,16384,2951.796875,11992.4375,0,2347,4096,4096,4096,640.2876605987549,39.94818373701128,7.943457750996458,1,6.938893903907228e-18,-0.4666666666666667,0.33993463423951903,24.799060821533203,0.1306944042444229,0.9999980926513672,0.04318242892622948,0.9236701130867004,2.4091648229950806,2.0809039868584023,2.0557566520001274,25.63411447299586,16.808203901806223,8.94703611600562,26.585585872016964,6.96304291046431,0.5487039030122105,5.301440223003738,1.2550297019531627,0,1,0.140625,0,18
26,17561.423311664,1787530114.4533572,0.25547924637794495,1,-0.46666666865348816,0.75,0.0969809740781784,0.016792617738246918,505.926513671875,0.97630375623703,2.0611548023907744e-09,0,0,0.36617711186408997,-0.00894886814057827,0.9910910129547119,0.09798327088356018,-0.05232533812522888,-0.052059680223464966,0.24875053763389587,-0.00894886814057827,1,1,-0.0071909427642822266,1,8,9859.75,0.24875052088976446,0.125,0,47228.75,0,813271.6622258569,1.0470620452991403e-11,0.45345837953214124,85265.125,0.6570045271096085,30879.875,9.598522464746752,0.6589817380507101,123830,0.7440976549992915,34986.625,16.98268391016427,0.7601459355607054,0.7565430857644987,142924.875,0.9999942977846064,47228.375,29.74343991279602,549.375,0,56.53829950100969,1.702309087322448e-06,0,162.45567136140176,4.319571321883089e-12,0,0,0,0,0,0,8,1,62,0.484375,0.515625,2,0.25,0,0,8,1,0,0,0,0,0,0,0.140625,0.25,0,0,0,0,4,0,0,0,0,0,0,0,0,0,0,0.03125,0,0,0.484375,10971,16384,2667.6171875,12794.9921875,0,2275,4096,4096,4096,684.0305817127228,42.95906639400346,9.123415381996892,1,2.6020852139652106e-18,-0.2,0.17320508075688773,25.561737060546875,0.12333470582962036,0.9999634027481079,0.040900200605392456,0.9222933053970337,3.031158393001533,2.0895691724449534,1.0828026509989286,27.782106055004988,20.113583684031255,9.619126935998793,29.617534532037098,10.008120424873937,0.9924488569959067,40.995470043999376,3.1512769288038953,0,1,0.03125,0,4
27,18280.733171843,1787530748.8338256,0.07588431239128113,1,-0.20000000298023224,0.25,0.10328090935945511,0.010087291710078716,435.25927734375,0.9803455471992493,2.0611548023907744e-09,0,0,0.3639339208602905,-0.00668522110208869,0.993337094783783,0.0341750904917717,-0.023015357553958893,-0.02244877628982067,0.24856700003147125,-0.00668522110208869,1,1,-0.005670728557037584,1,8,8440.375,0.24856699436513416,0.125,0,42681.875,0,19060360.88833159,3.355210080160481e-11,0.44431908467139053,74571,0.6457573227230256,27121.25,3.9481685187129187,0.651184787832625,109777.125,0.7347476875507428,30959.125,17.46292362899112,0.7743075674923962,0.7564010759520079,129133.25,0.9999860358913534,42681.5,28.13090467453003,469.5,0,520.42085371982,2.0226191605035848e-06,0,168.7358139274085,1.692778148995949e-11,0,0,0,0,0,0,8,1,36,0.28125,0.71875,7,0.875,0,0,8,1,0,0,0,0,0,0,0.6640625,0.875,0,0,0,0,16,0,0,2,0.015625,0,0,0,0,0.015625,2,0.125,0,0,0.265625,11267,16384,3656.03125,10802.1015625,0,494,4096,4096,4096,625.6157493591309,37.21297065800172,7.966739135998068,1,1.0408340855860843e-17,-0.26666666666666666,0.3431876713662334,33.310569763183594,0.12460346519947052,0.9999966025352478,0.041247669607400894,0.9196071028709412,3.090816691998043,2.0961800234376824,2.063186400991981,34.061043807989336,16.849576360820492,9.023356441000942,11.039359395974316,5.69811609699093,0.28017105600156356,39.736393197992584,2.934951768149631,0,1,0.125,0,16
28,19001.004834454,1787531467.9998019,0.25175726413726807,1,-0.2666666805744171,0.875,0.09838996827602386,0.010453235357999802,358.35791015625,0.9789594411849976,2.0611548023907744e-09,0,0,0.3667823374271393,-0.011430332437157631,0.9886347651481628,0.11415532231330872,-0.0447864830493927,-0.04345323145389557,0.2513924539089203,-0.011430332437157631,1,1,-0.006878879083239514,1,8,11608.875,0.25139244795410726,0.125,0,58496.5,0,4177704.471040376,2.8523612912120204e-12,0.4379756032702121,101600.25,0.6345667613556426,36832.5,8.056014537499095,0.6413497464508127,149604.75,0.7230390412242191,42096.25,19.805169654686324,0.7940683081051199,0.7567172607392416,177085,0.9999828213560661,58495.75,32.356751680374146,642,0,50.251400971463376,3.5399740953692973e-07,0,178.47943319004912,5.678778085340492e-13,0,0,0,0,0,0,8,1,54,0.421875,0.578125,5,0.625,0,0,8,1,0,0,0,0,0,0,0.3828125,0.625,0,0,0,0,7,0,0,1,0.0078125,0,0,0,0,0.0078125,1,0.0546875,0,0,0.4140625,10511,16384,3245.125,12834.9765625,0,648,4096,4096,4096,710.5283465385437,42.62007258099038,8.394687323001563,1,6.938893903907228e-18,-0.13333333333333333,0.23687784005919826,21.150920867919922,0.11833088845014572,0.9999954700469971,0.03916626796126366,0.9154980182647705,2.7878250300127547,2.088149129632484,2.063754999995581,23.436051468001097,17.55307734363339,7.691178369001136,27.139689749034005,8.795565701724968,0.3971749829943292,8.596012084992253,2.409729415991933,0,1,0.0546875,0,7
29,19731.328288889,1787532188.1662173,0.1586897224187851,1,-0.13333334028720856,0.625,0.10119527578353882,0.012216361239552498,994.01513671875,0.9770932197570801,2.0611548023907744e-09,0,0,0.36213982105255127,-0.016167759895324707,0.9839622378349304,0.07790020108222961,-0.06822725385427475,-0.06750811636447906,0.251880407333374,-0.016167759895324707,1,1,-0.011715032361649178,1,8,9653.25,0.25188042927908494,0.125,0,51922,0,16765121.401609635,1.5329384675968448e-12,0.4183491067553199,86152.25,0.6034162421484776,31106,6.210366640675147,0.6170527533973383,127421.5,0.6903350021459792,35633.5,17.312646278784086,0.8184163867658591,0.7577096154293695,157264.375,0.9999927448213856,51921.625,31.62292718887329,534.125,0,6818.904364496961,3.831155169368681e-07,0,212.41618689933702,1.8841172296577202e-12,0,0,0,0,0,0,8,1,57,0.4453125,0.5546875,6,0.75,0,0,8,1,0,0,0,0,0,0,0.4453125,0.75,0,0,0,0,14,0,0,0,0,0,0,0,0,0,0,0.109375,0,0,0.4453125,10585,16384,3037.8515625,13161.1171875,0,2894,4096,4096,4096,711.653135061264,45.12113782699453,8.251349355006823,1,1.0408340855860843e-17,-0.3333333333333333,0.31446603773522014,20.751760482788086,0.12746356427669525,1,0.0426749512553215,0.9155038595199585,2.29871273500612,2.0817058432498925,2.0621640809986275,22.894931473987526,16.909027520639825,9.126124736008933,24.002617581980303,8.56135504189001,1.0957928799762158,26.041187994997017,2.3298080844693914,0,1,0.109375,0,14
30,20420.810387968,1787532918.5269718,0.22539812326431274,1,-0.3333333432674408,0.75,0.11112798750400543,0.016463467851281166,2981.865234375,0.9847408533096313,2.0611548023907744e-09,0,0,0.3716544508934021,-0.015183642506599426,0.9849310517311096,0.09976381063461304,-0.0598839595913887,-0.06009405851364136,0.2564833462238312,-0.015183642506599426,1,1,-0.014435887336730957,1,8,9790.5,0.25648335138888256,0.125,0,48605.625,0,471000.0557559354,4.758087932538762e-12,0.43981361487560733,85882,0.6331996611293089,30912.625,7.981849259093167,0.6375120268467818,124446.875,0.7161455523332114,34948,16.314201858855284,0.8185022440976842,0.7577960859163544,147342.75,0.9999930552721279,48605.25,32.8286247253418,565.125,0,65.50968189711841,1.4374687798253332e-06,0,489.4074638005555,4.663487470705152e-12,0,0,0,0,0,0,8,1,47,0.3671875,0.6328125,5,0.625,0,0,8,1,0,0,0,0,0,0,0.421875,0.625,0,0,0,0,13,0,0,2,0.015625,0,0,0,0,0.015625,2,0.1015625,0,0,0.3515625,10916,16384,3874.5234375,12741.1328125,0,1585,4096,4096,4096,721.8061318397522,43.1102826790011,8.121961140001076,0.9333333333333333,9.540979117872439e-18,-0.26666666666666666,0.3082207001484488,22.8306941986084,0.11606820672750473,0.9999980926513672,0.038816530257463455,0.9096660614013672,2.164423391004675,2.080088497546626,2.0590824219980277,29.296331266989,17.639042649593875,8.074627538997447,29.461419355982798,8.33681347822403,1.221505073044682,8.810883056998136,1.984256082727029,0,1,0.1015625,0,13
31,21189.548423201,1787533611.9539778,0.2130853831768036,0.9333333373069763,-0.2666666805744171,0.625,0.10424664616584778,0.012971754185855389,1220.296875,0.9830058813095093,2.0611548023907744e-09,0,0,0.35436907410621643,-0.018275808542966843,0.9818901419639587,0.06810042262077332,-0.057424940168857574,-0.05940131098031998,0.24638202786445618,-0.018275808542966843,1,1,-0.01725024389631954,1,8,11038.875,0.24638200996865822,0.125,0,61992.375,0,5688643.626874892,3.430788392545732e-13,0.4088987907277416,101047.125,0.5903470268015758,36499.375,8.798438953490972,0.6069328447483351,150464.375,0.6773533946305477,41948.75,18.976197566720757,0.8127368689476542,0.7571487540392874,187753,0.999983463024003,61991.5,33.53743052482605,634,0,51.58401389357623,1.2946170733907427e-08,0,388.6591022813067,4.1508595932122093e-13,0,0,0,0,0,0,8,1,43,0.3359375,0.6640625,5,0.625,0,0,8,1,0,0,0,0,0,0,0.4140625,0.625,0,0,0,0,14,0,0,0,0,0,0,0,0,0,0,0.109375,0,0,0.3359375,11670,16384,3347.1875,11738.3515625,0,1645,4096,4096,4096,683.8599991798401,40.157577826990746,8.179760916988016,1,1.3877787807814457e-17,-0.3333333333333333,0.3055050463303894,25.999971389770508,0.12907563149929047,1,0.0424906350672245,0.9094671607017517,2.693798338994384,2.0837567798517966,2.059282031012117,27.096436248000828,19.630961172664115,8.645258097996702,31.26268374301435,8.797024889201225,0.6959894239989808,15.871156709006755,2.6835861710785593,0,1,0.109375,0,14
32,21855.943210397,1787534377.0331068,0.19256624579429626,1,-0.3333333432674408,0.625,0.09418599307537079,0.00854396540671587,1569.552734375,0.9908791780471802,2.0611548023907744e-09,0,0,0.37728309631347656,-0.004201198928058147,0.9958075881004333,0.08345478773117065,-0.029236963018774986,-0.028437018394470215,0.26314491033554077,-0.004201198928058147,1,1,-0.0027742287253632266,1,8,10539.75,0.26314492602402223,0.125,0,53555,0,83775487.4094723,1.7440912737838754e-13,0.43731932537617907,93224.375,0.629935492855921,33594,13.156201718945828,0.637015109143955,136056.125,0.714583372004148,38141.125,19.468023561444177,0.8596673767234633,0.7580788766442522,162403.125,0.9999791641724793,53553.875,31.592878103256226,613.375,0,130.6583519294572,8.85292895587198e-08,0,632.4280754964044,1.571105166342477e-13,0,0,0,0,0,0,8,1,71,0.5546875,0.4453125,6,0.75,0,0,8,1,0,0,0,0,0,0,0.3359375,0.75,0,0,0,0,14,0,0,0,0,0,0,0,0,0,0,0.109375,0,0,0.5546875,10643,16384,2375.2421875,13733.4453125,0,2401,4096,4096,4096,756.2729835510254,44.74383957799,9.170285353000509,1,1.3877787807814457e-17,-0.26666666666666666,0.31972210155418135,31.988128662109375,0.12259645015001297,0.999997615814209,0.04009213671088219,0.9049099087715149,2.162406991003081,2.081443709562791,2.05914885099628,25.45455160700658,16.461812176125704,8.794857305998448,45.81162455899175,10.102582798623644,2.6865533900127048,15.897379549001926,1.9197504087499055,0,1,0.109375,0,14
33,22608.135667043,1787535044.2136931,0.29675108194351196,1,-0.2666666805744171,0.75,0.08931244164705276,0.012053540907800198,570.57177734375,0.9718448519706726,2.0611548023907744e-09,0,0,0.4060702919960022,-0.0407995730638504,0.9600216150283813,0.0841015875339508,-0.15393531322479248,-0.15311896800994873,0.2979578673839569,-0.0407995730638504,1,1,-0.027702658845667253,1,8,7309.875,0.2979578614630588,0.125,0,38003.875,0,2653328917.099933,1.0231167727080816e-12,0.403408187177625,61039.25,0.585282521985335,22137.875,10.25357808877743,0.6068623877596966,92074.25,0.6754681325879304,25623.875,23.00137025654122,0.9906282884486779,0.7619603202904013,115703.875,0.9999959978868842,38003.625,32.11310911178589,406.125,0,168.53480997722033,3.898196373630311e-07,0,220.73424548748665,2.0169832790235935e-13,0,0,0,0,0,0,8,1,35,0.2734375,0.7265625,6,0.75,0,0,8,1,0,0,0,0,0,0,0.546875,0.75,0,0,0,0,22,0,0,1,0.0078125,0,0,0,0,0.0078125,1,0.171875,0,0,0.265625,11263,16384,3372.9765625,11769.125,0,2924,4096,4096,4096,657.7910168170929,40.63938164200226,8.188209102998371,1,1.5612511283791264e-17,-0.6,0.35276684147527876,38.57640838623047,0.12882398068904877,0.9999980926513672,0.042867500334978104,0.896557629108429,2.1499694930098485,1.6350507627729485,0.03464487299788743,21.242758452994167,16.550253994281206,9.673265275006997,23.46033409095253,7.285536212993861,0.9570352410519263,9.034939717996167,1.0076695687257597,0,1,0.171875,0,22
34,23317.576515501,1787535795.9058845,0.2622438371181488,1,-0.6000000238418579,0.75,0.0806657075881958,0.010390467010438442,614.88623046875,0.9764232039451599,2.0611548023907744e-09,0,0,0.4028776288032532,-0.015646936371922493,0.9844748377799988,0.08876267820596695,-0.06654788553714752,-0.0661618560552597,0.2924896478652954,-0.015646936371922493,1,1,-0.0147479387220516,1,8,10501.875,0.2924896133021472,0.125,0,53967.625,0,462299.3407355879,3.064955413024072e-11,0.42407558665807754,90720.5,0.6127628264172233,32782.75,8.056593399617803,0.6325690441697128,135498.625,0.7027257074712796,37652.25,23.44734370972401,0.9987612421308548,0.7605641962647891,164192.375,0.9999842172538376,53966.75,30.14723515510559,593.125,0,71.33476109921001,1.3419983721940865e-08,0,230.44408362342793,2.783307371749458e-11,0,0,0,0,0,0,7,0.875,51,0.3984375,0.6015625,6,0.75,0,0,7,0.875,0,0,0,0,1,0.125,0.4765625,0.75,0,0,0,0,14,0,0,2,0.015625,0,0,0,0,0.015625,2,0.109375,0,0,0.3828125,10649,16384,3386.3828125,12847.265625,0,2968,4096,4096,4096,742.5699465274811,42.84487262599578,8.981813178994344,1,1.0408340855860843e-17,-0.26666666666666666,0.3197221015541813,25.226743698120117,0.12658172845840454,0.999996542930603,0.04180560261011124,0.8974040150642395,2.748619507998228,2.0868024698834233,2.0639909000019543,170.10648372500145,20.436908991508062,8.925042670001858,25.995187947002705,9.377576142432758,1.6874526110041188,7.359925162993022,1.4448708869684879,0,1,0.109375,0,14
35,24040.422241682,1787536504.9681573,0.23428064584732056,1,-0.2666666805744171,0.75,0.09191648662090302,0.01549635548144579,1810.5546875,0.9790185689926147,2.0611548023907744e-09,0,0,0.3757823705673218,-0.00911021139472723,0.9909310936927795,0.08976180851459503,-0.05152840167284012,-0.051383763551712036,0.2668699622154236,-0.00911021139472723,1,1,-0.002398794154068092,1,8,10097,0.26686995189066764,0.125,0,54182.125,0,96919050.55313501,8.083062089574042e-13,0.42171493799432924,91434.25,0.6059543850777762,32851.125,7.863786550460645,0.62259035797569,135272,0.691677553693792,37556.375,18.84957277281046,0.8824574981345368,0.757625078656625,164330.75,0.9999894378186958,54181.5,33.111114501953125,583.75,0,285.99716278349774,5.798619971064514e-07,0,369.2251470028108,8.084387749035851e-13,0,0,0,0,0,0,8,1,57,0.4453125,0.5546875,5,0.625,0,0,8,1,0,0,0,0,0,0,0.4140625,0.625,0,0,0,0,16,0,0,1,0.0078125,0,0,0,0,0.0078125,1,0.125,0,0,0.4375,9494,16384,2644.3359375,12939.4453125,0,2662,4096,4096,4096,700.3116614818573,44.530574888995034,8.485961735001183,1,1.0408340855860843e-17,-0.3333333333333333,0.32659863237109044,25.496986389160156,0.1268054097890854,0.9999926686286926,0.0420038141310215,0.8739356994628906,2.911207174998708,2.074365531929516,0.22753142600413412,23.80636857599893,16.21087366407835,9.82955632499943,25.175722160944133,8.894408137765822,1.7565941290085902,7.70005768800911,1.7384701710079753,0,1,0.125,0,16
36,24801.081603915,1787537229.5593016,0.21924394369125366,1,-0.3333333432674408,0.625,0.07473870366811752,0.010720755904912949,2251.171875,0.978565514087677,2.0611548023907744e-09,0,0,0.4001711308956146,-0.004372951574623585,0.9956366419792175,0.07263554632663727,-0.03104676492512226,-0.03594968467950821,0.2986941337585449,-0.004372951574623585,1,1,-0.00441256669205679,1,8,7647.25,0.2986941246729168,0.125,0,42309.375,0,10382294679.166342,7.495948337082927e-11,0.40127690652351095,68872.5,0.5806110449931319,24920.375,5.896568833042693,0.6097317585483071,104709.125,0.6710907090949183,28802,18.195635121464875,1.0586542486181258,0.7609690600657656,128913.375,0.9999974541751527,42309.25,31.658528089523315,443.5,0,77.17674888245364,2.605231058269611e-06,0,512.2003414981832,7.498095828316336e-11,0,0,0,0,0,0,7,0.875,40,0.3125,0.6875,6,0.75,0,0,7,0.875,0,0,0,0,1,0.125,0.5703125,0.75,0,0,0,0,16,0,0,0,0,0,0,0,0,0,0,0.125,0,0,0.3125,11141,16384,3301.9453125,11949.296875,0,3171,4096,4096,4096,714.1020574569702,40.46722450001107,8.385924253991107,1,0,-0.26666666666666666,0.33993463423951903,34.08730697631836,0.12512972950935364,0.9999980926513672,0.041333265602588654,0.8747401833534241,2.9268538420001278,2.1063020319452335,2.064935679998598,25.12083231199358,19.01706732585194,8.710483660994214,25.67454701400129,8.484211236713122,1.649164729999029,13.396921424995526,2.4034026770931405,0,1,0.125,0,16
37,25633.595949104,1787537988.5986655,0.22254668176174164,1,-0.2666666805744171,0.75,0.0743463858962059,0.00879085622727871,20219.328125,1.0073013305664062,2.0611548023907744e-09,0,0,0.4080042541027069,0.004741115029901266,1.004752278327942,0.09080596268177032,-0.007688350975513458,0.0020711440593004227,0.30602455139160156,0.004741115029901266,1,1,0.011671202003278515,1,8,9417.125,0.30602455779136906,0.125,0,52831.125,0,213231663.69357824,3.318706405013015e-14,0.4021241874869032,84919,0.5760353320472801,30406.25,9.888802250602737,0.6028351806588135,127363.125,0.6629855666297373,35030.5,22.50747525727246,1.0652770647373626,0.7616972285246396,160846,0.9999897859097617,52830.625,32.37298035621643,555.625,0,1158.84376414714,5.031602651075647e-08,0,2770.7831399433717,3.0920751312359e-14,0,0,0,0,0,0,8,1,53,0.4140625,0.5859375,8,1,0,0,8,1,0,0,0,0,0,0,0.5859375,1,0,0,0,0,27,0,0,1,0.0078125,0,0,0,0,0.0078125,1,0.2109375,0,0,0.40625,9527,16384,3064.46875,13147.921875,0,2682,4096,4096,4096,750.167991399765,44.43543033099559,10.092645044991514,1,1.0408340855860843e-17,-0.6666666666666666,0.3894440481849308,24.2345027923584,0.11338245123624802,0.9999982118606567,0.03712696582078934,0.8550282120704651,3.107263067999156,2.1167405192569504,2.0624712709977757,24.202513800992165,20.00046773810186,8.081846334011061,42.60435526096262,9.086905400824548,1.7163482660253067,5.086661705005099,1.0834115170159748,0,1,0.2109375,0,27
38,26413.306473288,1787538821.9370222,0.3279850482940674,1,-0.6666666865348816,1,0.06836239993572235,0.015682434663176537,646.1279296875,0.9773432016372681,2.0611548023907744e-09,0,0,0.3770771324634552,-0.012018261477351189,0.9880536794662476,0.09874996542930603,-0.046300388872623444,-0.04682251811027527,0.28172168135643005,-0.012018261477351189,1,1,-0.0009084935983022054,1,8,7630.5,0.28172169211645154,0.125,0,49031.5,0,3052249616.027752,7.0095854662995455e-12,0.36099634594926455,70976.875,0.5220510623806396,25678.875,8.884451572087983,0.5623340228314198,110938.125,0.6130190995645577,30211.625,20.41142764268443,0.9747132668450802,0.7603823614890859,149244.375,0.9999956947027623,49031.25,33.13817095756531,452.75,0,75.27050650784342,6.773716246838334e-09,0,297.63821803267984,6.534919688456114e-12,0,0,0,0,0,0,8,1,75,0.5859375,0.4140625,2,0.25,0,0,8,1,0,0,0,0,0,0,0.1328125,0.25,0,0,0,0,6,0,0,0,0,0,0,0,0,0,0,0.046875,0,0,0.5859375,12986,16384,2299.6640625,14603.75,0,3578,4096,4096,4096,823.6299002170563,46.8631640090025,8.497488356006215,1,4.336808689942018e-18,-0.3333333333333333,0.1972026594366539,26.375,0.12108566612005234,1,0.03975168615579605,0.8569343090057373,2.5098051139939344,2.0872296485547395,2.0626513610041,25.12739597799373,17.810208054023065,9.159209998004371,21.602128169019124,9.544314313276232,1.4715298730006907,24.44831615300791,2.224436403367122,0,1,0.046875,0,6
39,27189.803869058,1787539603.8089201,0.08309498429298401,1,-0.3333333432674408,0.25,0.07260580360889435,0.006829555612057447,340.88232421875,0.9688912630081177,2.0611548023907744e-09,0,0,0.40776944160461426,-0.001886768382973969,0.9981150031089783,0.031305767595767975,-0.010594227351248264,-0.011233892291784286,0.3094821274280548,-0.001886768382973969,1,1,-0.0001451039932808786,1,8,6100.75,0.30948210591719855,0.125,0,36794.625,0,291071643.1807458,2.65877443439757e-13,0.3884992476072977,55601.875,0.5578080786344715,19986.5,9.148574020931946,0.5920015871814553,85010.875,0.6461700935685833,23201.75,18.019819861556243,1.0887414096168317,0.7621285604006195,112112.75,0.9999902259568281,36794.375,32.5420298576355,345.375,0,43.43333502081887,7.871493061944071e-08,0,134.94107531318247,2.2076115900258066e-13,0,0,0,0,0,0,8,1,65,0.5078125,0.4921875,5,0.625,0,0,8,1,0,0,0,0,0,0,0.34375,0.625,0,0,0,0,10,0,0,3,0.0234375,0,0,0,0,0.0234375,3,0.078125,0,0,0.484375,9336,16384,2499.375,13748.8125,0,3189,4096,4096,4096,773.2763485908508,45.38401666699792,9.30625996600429,1,3.469446951953614e-18,-0.3333333333333333,0.2666666666666667,29.856840133666992,0.12530900537967682,1,0.040343113243579865,0.8326318860054016,3.0067096970014973,2.108629423671914,2.0550552519998746,25.60985910698946,16.25290497670312,10.826539143003174,28.941508401971078,8.843436390085003,1.2887332910177065,46.430962664002436,2.196852734843901,0,1,0.078125,0,10
40,27990.042852298,1787540377.649197,0.16745151579380035,1,-0.3333333432674408,0.625,0.063873291015625,0.0062560224905610085,1375.7275390625,0.9732698202133179,2.0611548023907744e-09,0,0,0.428649365901947,-0.008506754413247108,0.9915294051170349,0.07154451310634613,-0.03969494625926018,-0.04481591284275055,0.3336881101131439,-0.008506754413247108,1,1,-0.008302066652547745,1,8,6490.125,0.3336881229610397,0.125,0,39990,0,44304215611.13798,3.880769524557804e-13,0.3743562060846624,59184.125,0.5378691495917957,21254.375,12.887428745634068,0.578590173111238,91392,0.6271203940593704,24780.375,23.038867567322995,1.190451333138216,0.7641334342770156,122127.375,0.999979115595334,39989.25,30.30759072303772,388.875,0,65.48642130285934,9.225791479308885e-10,0,328.84451214999444,1.190812040900849e-13,0,0,0,0,0,0,8,1,45,0.3515625,0.6484375,3,0.375,0,0,8,1,0,0,0,0,0,0,0.28125,0.375,0,0,0,0,8,0,0,0,0,0,0,0,0,0,0,0.0625,0,0,0.3515625,11510,16384,3370.28125,12932.296875,0,1639,4096,4096,4096,764.6490275859833,44.38211946099182,8.192770102003124,1,3.469446951953614e-18,-0.26666666666666666,0.23804761428476168,27.67523765563965,0.13678863644599915,1,0.04386848583817482,0.8360824584960938,3.6390614660049323,2.1010713778741774,2.0599755509902025,25.8433675129927,18.123794738735114,9.605657419000636,30.99649000703357,10.363564135402498,1.1982647999975597,19.707758650998585,2.92471122149243,0,1,0.0625,0,8
41,28922.620156362,1787541177.8173037,0.10482056438922882,1,-0.2666666805744171,0.375,0.07016237080097198,0.00933310016989708,28735.671875,1.0758905410766602,2.0611548023907744e-09,0,0,0.4427223205566406,0.004010219592601061,1.0040183067321777,0.04421111196279526,0.0025193332694470882,0.0022350670769810677,0.3455892503261566,0.004010219592601061,1,1,0.004024107054055455,1,8,9421.375,0.34558924337615005,0.125,0,53924.5,0,349043723.797384,1.3203385246341002e-14,0.39765004629632794,84662.125,0.566907110260589,30204.125,9.956964189599145,0.6029214295825664,128874.25,0.6555075565735863,35028,22.93910811276146,1.2328639873475236,0.7645636503894451,164741.625,0.999993776869561,53924.125,33.179112911224365,563.875,0,122.79597592739026,2.3809391304033373e-09,0,4008.460607520017,1.1166170291847122e-14,0,0,0,0,0,0,8,1,65,0.5078125,0.4921875,5,0.625,0,0,8,1,0,0,0,0,0,0,0.3515625,0.625,0,0,0,0,14,0,0,0,0,0,0,0,0,0,0,0.109375,0,0,0.5078125,9761,16384,2567.21875,13782.4375,0,1196,4096,4096,4096,791.0523767471313,45.13271841900132,8.790374167991104,1,1.3877787807814457e-17,-0.3333333333333333,0.3091206165165235,28.282957077026367,0.13311302661895752,0.9999973773956299,0.042464230209589005,0.8376200199127197,3.035168361995602,2.0974843409604773,2.0626453709992347,24.97249261199613,17.228998570875433,8.290115153999068,22.312424644973362,9.814682349571967,1.4498495279840427,20.604934818999027,1.6446116532109727,0,1,0.109375,0,14
42,29767.203471115,1787542111.2786896,0.20752552151679993,1,-0.3333333432674408,0.625,0.06916654855012894,0.007737380918115377,428.96728515625,0.9660319685935974,2.0611548023907744e-09,0,0,0.40992990136146545,-0.008811878971755505,0.991226851940155,0.07110530883073807,-0.04961227625608444,-0.04870479553937912,0.31414636969566345,-0.008811878971755505,1,1,-0.009930422618275597,1,8,6824.75,0.31414635429821974,0.125,0,41075.5,0,1036733124.5276071,4.083652145037648e-14,0.3874552160234735,63618.75,0.5541061449700604,22753.125,14.634432507684778,0.5923440924465598,97078.625,0.6442670814149946,26427.25,20.556159323023167,1.100915381129103,0.7627982961969579,125229.375,0.9999974733693126,41075.375,33.68704962730408,403.875,0,81.96509285462011,3.365925120596505e-08,0,157.970965157759,4.1125102044258096e-14,0,0,0,0,0,0,7,0.875,35,0.2734375,0.7265625,4,0.5,0,0,7,0.875,0,0,0,0,1,0.125,0.375,0.5,0,0,0,0,15,0,0,3,0.0234375,0,0,0,0,0.0234375,3,0.1171875,0,0,0.25,11338,16384,3925.7265625,11730.15625,0,1793,4096,4096,4096,923.4468910694122,39.47976839300827,8.484123566988274,1,3.469446951953614e-18,-0.4666666666666667,0.3027650354097492,36.796104431152344,0.13043564558029175,0.9999995827674866,0.04079952836036682,0.8375170826911926,3.1479927010077517,2.115673772938294,2.060721112007741,32.449728895007866,17.37587266660978,8.903843624997535,307.3530485749652,9.48358881888737,1.8415836340282112,20.15400573700026,2.517706901242491,0,1,0.1171875,0,15
43,30461.683285942,1787542954.8482883,0.17814043164253235,1,-0.46666666865348816,0.5,0.06852979212999344,0.011803529225289822,11937.5,0.9961703419685364,2.0611548023907744e-09,0,0,0.41038787364959717,0.008311701938509941,1.0083463191986084,0.05819813907146454,0.01586291566491127,-0.0019331956282258034,0.31515854597091675,0.008311701938509941,1,1,0.012843366992729966,1,8,10166.375,0.31515854024064666,0.125,0,62811.625,0,1494028571.8356225,3.6594770857458493e-14,0.37876574077103425,94407.875,0.5468208709074769,34100.375,13.383119640321251,0.5891620959594517,147263.125,0.641420889032113,40058.375,24.180681730637616,1.166622364803824,0.7623304495657344,191470.75,0.999990154869113,62811,34.819732904434204,587.375,0,201.0803688760421,2.5747937839854015e-09,0,1818.3989342077207,2.964012804619709e-14,0,0,0,0,0,0,8,1,55,0.4296875,0.5703125,4,0.5,0,0,8,1,0,0,0,0,0,0,0.3828125,0.5,0,0,0,0,11,0,0,1,0.0078125,0,0,0,0,0.0078125,1,0.0859375,0,0,0.421875,10473,16384,3718.90625,13367.8359375,0,1669,4096,4096,4096,834.5782959461212,44.61885646400333,9.604661752004176,1,6.938893903907228e-18,-0.3333333333333333,0.2718251071716682,31.24949073791504,0.12870967388153076,0.9999980926513672,0.040486421436071396,0.8377214670181274,2.3358161080104765,2.085216435476127,2.0638459710025927,29.032853803990292,16.61980770900732,8.698299176990986,22.178954761999194,8.929410941842661,0.9879444510152098,5.895558009011438,1.2183396286175139,0,1,0.0859375,0,11
44,31265.050402163,1787543649.4656687,0.13947740197181702,1,-0.3333333432674408,0.5,0.08435384184122086,0.009331265464425087,988.3984375,0.97774738073349,2.0611548023907744e-09,0,0,0.37995344400405884,-0.0010484433732926846,0.9989520907402039,0.05315294489264488,-0.015192619524896145,-0.014603974297642708,0.2852866053581238,-0.0010484433732926846,1,1,-0.00037525022683078293,1,8,9203.125,0.28528659500740006,0.125,0,59502.5,0,356583027231.0629,9.581962990215304e-15,0.37760952223613786,89471.25,0.5406696486848808,32038,14.34417046103303,0.5757333200234267,136816,0.6272072629606982,37244.25,23.988047958935738,1.0623709972497617,0.7598341621583762,180800.375,0.999996921637383,59502.25,34.03591012954712,568,0,327.7245549114868,9.576019063184901e-09,0,323.20398993341723,1.5512660319997847e-14,0,0,0,0,0,0,8,1,27,0.2109375,0.7890625,7,0.875,0,0,8,1,0,0,0,0,0,0,0.703125,0.875,0,0,0,0,24,0,0,0,0,0,0,0,0,0,0,0.1875,0,0,0.2109375,11027,16384,4088.6484375,11154.3203125,0,1254,4096,4096,4096,685.4754214286804,37.87617339899589,8.552540254007909,1,0,-0.4666666666666667,0.38586123009300755,34.94367599487305,0.14278525114059448,1,0.04483510181307793,0.8301952481269836,2.2257416590000503,2.08309762659394,2.0600094109977363,26.78174696600763,17.462103132905895,8.244206764007686,304.7643041719566,11.582706076066302,0.7868182359961793,45.60561828300706,3.8544315376645955,0,1,0.1875,0,24
45,32006.763553638,1787544452.7932484,0.29454928636550903,1,-0.46666666865348816,0.875,0.06752145290374756,0.028015900403261185,1747.96875,0.9792237877845764,2.0611548023907744e-09,0,0,0.4325329661369324,-0.007245005574077368,0.9927812218666077,0.09879624843597412,-0.0565110445022583,-0.05255519971251488,0.3355536460876465,-0.007245005574077368,1,1,-0.006395080228253166,1,8,11112.5,0.33555361432687336,0.125,0,65418.375,0,174042802.6671781,2.499693104849276e-15,0.39619663286395634,103420.625,0.5703745828753175,37215.375,7.679565180938948,0.6112551275811215,159436.75,0.6642885931558113,43340.125,25.991639406071045,1.286262445372556,0.7634482361839485,199542.625,0.9999825990081406,65417.25,37.66114258766174,678.625,0,319.1599210558622,3.476022928333916e-10,0,711.7768873344846,2.545729404269965e-15,0,0,0,0,0,0,8,1,40,0.3125,0.6875,6,0.75,0,0,8,1,0,0,0,0,0,0,0.53125,0.75,0,0,0,0,7,0,0,1,0.0078125,0,0,0,0,0.0078125,1,0.0546875,0,0,0.3046875,11641,16384,4290.3984375,12642.4765625,0,445,4096,4096,4096,794.2332754135132,43.495247216007556,8.746946006998769,1,7.806255641895632e-18,-0.13333333333333333,0.23921166824012208,28.62444496154785,0.13956677913665771,1,0.04349341616034508,0.8297934532165527,2.947105332001229,2.089615374085838,2.0595408429944655,27.213234843002283,17.056352685788738,9.150970289003453,122.84897868706321,10.11411887004374,0.7013181939983042,15.171670212992467,2.7742730008284298,0,1,0.0546875,0,7
46,32729.41130724,1787545194.0151687,0.10506431758403778,1,-0.13333334028720856,0.75,0.0798538401722908,0.0056732031516730785,512.232421875,0.9721769094467163,2.0611548023907744e-09,0,0,0.4179840087890625,0.002415525959804654,1.0024183988571167,0.09686773270368576,0.0026636337861418724,0.0024712085723876953,0.32209470868110657,0.002415525959804654,1,1,0.0027077761055393653,1,8,11398.375,0.3220947023544205,0.125,0,68646.375,0,86973596496.90704,7.319039213416462e-16,0.3805815495273121,103702.75,0.5452130009927667,37165.75,15.585526706709715,0.5817335657023157,158929.875,0.6332847448613994,43241.25,22.689090303785633,1.2296480693178986,0.762567222501537,209284.125,0.9999897489928773,68645.625,38.678457736968994,689.75,0,101.81552359361459,5.524981816930175e-10,0,259.7369422439743,4.89714982688753e-16,0,0,0,0,0,0,8,1,65,0.5078125,0.4921875,7,0.875,0,0,8,1,0,0,0,0,0,0,0.4296875,0.875,0,0,0,0,16,0,0,2,0.015625,0,0,0,0,0.015625,2,0.125,0,0,0.4921875,11458,16384,2298.46875,12779.1875,0,1697,4096,4096,4096,732.6214697360992,43.90470694399846,8.651233772005071,1,1.734723475976807e-18,-0.26666666666666666,0.3415650255319866,33.49610137939453,0.1469079703092575,0.999997079372406,0.04492683336138725,0.8132982850074768,2.2766964210022707,2.0860694269924807,2.0636281719926046,24.68774657099857,18.082023399664422,8.806521122998674,23.92220109999471,8.599348831860539,1.764219990989659,12.902958942999248,1.0404457655471333,0,1,0.125,0,16
47,33415.667639972,1787545921.5547135,0.3035846948623657,1,-0.2666666805744171,0.875,0.057961806654930115,0.01273554190993309,731.6572265625,0.9656341075897217,2.0611548023907744e-09,0,0,0.46922439336776733,-0.029432814568281174,0.9709961414337158,0.0966707319021225,-0.1182432621717453,-0.11567596346139908,0.3752756714820862,-0.029432814568281174,1,1,-0.024620030489232805,1,8,6336.25,0.37527568209737233,0.125,0,36775.5,0,3354664521283.035,2.4777439662823478e-14,0.38137458681502845,55658.25,0.5440050877048532,19844.625,6.080202281475067,0.5825530040027039,85081.875,0.6315067540798185,23052.75,22.873232860307326,1.4484935580855445,0.7652000771369618,112489.25,0.9999863470233682,36774.875,37.0042142868042,366.875,0,104.14912252783176,1.0332335072301333e-08,0,253.63919831095083,1.9178988677386607e-14,0,0,0,0,0,0,8,1,39,0.3046875,0.6953125,3,0.375,0,0,8,1,0,0,0,0,0,0,0.2265625,0.375,0,0,0,0,6,0,0,0,0,0,0,0,0,0,0,0.046875,0,0,0.3046875,10655,16384,3573.7578125,11701.734375,0,2147,4096,4096,4096,717.7552080154419,40.466693196998676,8.209713854987058,1,3.469446951953614e-18,-0.26666666666666666,0.20816659994661327,34.059814453125,0.15818238258361816,1,0.04855100437998772,0.8125587105751038,2.297967605991289,2.075405351429481,0.23515347500506323,24.892903594998643,16.755616344398163,8.91855821799254,30.090696849991218,8.006549019342629,1.380447611983982,17.481963184996857,3.3700690329445706,0,1,0.046875,0,6
48,34081.124957068,1787546603.364304,0.1140979677438736,1,-0.2666666805744171,0.375,0.06726272404193878,0.004114618990570307,6625.77734375,0.9773725271224976,2.0611548023907744e-09,0,0,0.46960127353668213,-0.010015259496867657,0.9900346994400024,0.04650963470339775,-0.04419107735157013,-0.044015880674123764,0.37340879440307617,-0.010015259496867657,1,1,-0.006992527775550156,1,8,10376.25,0.37340877056794997,0.125,0,57180.125,0,5815661151.30416,1.830675216890529e-16,0.40807214335382724,93248.625,0.5817949355597313,33240.375,7.090015086228959,0.62090594908744,142012.375,0.6734353892183339,38513.75,24.459725952068425,1.50469098117429,0.7653228459984085,175048.25,0.9999784992576941,57178.75,38.91944456100464,623.5,0,211.40171282996437,1.6316916794404163e-09,0,1030.5540632748214,1.160872963939282e-16,0,0,0,0,0,0,8,1,56,0.4375,0.5625,2,0.25,0,0,8,1,0,0,0,0,0,0,0.2109375,0.25,0,0,0,0,8,0,0,0,0,0,0,0,0,0,0,0.0625,0,0,0.4375,10007,16384,2233.484375,11253.8671875,0,1752,4096,4096,4096,672.7591950893402,39.19489049600088,9.374911574996077,0.8666666666666667,1.734723475976807e-18,-0.3333333333333333,0.22852182001336818,36.43899154663086,0.16283677518367767,0.9999980926513672,0.048237208276987076,0.7988753914833069,3.0487047089991393,2.076259902421725,0.17208099400158972,24.059602954002912,16.443449894421747,8.192552054999396,27.679400973007432,7.729387987911309,1.4347366609872552,11.035230736000813,1.3639818774767036,0,1,0.0625,0,8
49,34692.650827632,1787547268.9676495,0.11787120997905731,0.8666666746139526,-0.3333333432674408,0.25,0.059495218098163605,0.005721005145460367,1666.1220703125,0.9687089323997498,2.0611548023907744e-09,0,0,0.48520007729530334,-0.006497484631836414,0.9935235381126404,0.027142459526658058,-0.04397784173488617,-0.04330785572528839,0.39193418622016907,-0.006497484631836414,1,1,-0.010331253624624677,1,8,6339,0.39193417017810817,0.125,0,35735.75,0,8500070044.372647,8.742460015393164e-15,0.39324574885992414,56169.125,0.5590853479421187,19952.75,10.484434503159719,0.5993158592293966,85725.5,0.6491354325674458,23186.25,26.33930196579422,1.6207226140833229,0.7653205525405768,109471,0.9999878899317417,35735.25,36.745991468429565,380.5,0,56.3428789948547,3.4434614398376827e-08,0,343.1768305427956,8.693097332924507e-15,0,0,0,0,0,0,8,1,52,0.40625,0.59375,2,0.25,0,0,8,1,0,0,0,0,0,0,0.1328125,0.25,0,0,0,0,3,0,0,1,0.0078125,0,0,0,0,0.0078125,1,0.0234375,0,0,0.3984375,9566,16384,2271.2890625,11181.09375,0,1501,4096,4096,4096,656.4121425151825,39.15514377200452,8.43822583500878,1,8.673617379884035e-19,-0.13333333333333333,0.15456030825826172,22.671110153198242,0.17541317641735077,0.9999961256980896,0.05291453003883362,0.8005310893058777,2.6159924429957755,2.0961531944764147,2.060715911007719,28.399182448003558,17.957457707843446,9.122590243001468,20.45287937395915,6.7379056222368945,1.1699958430108381,301.90649419299734,4.9716320613823655,0,1,0.0234375,0,3
50,35291.978562227,1787547881.0628037,0.07636149227619171,1,-0.13333334028720856,0.25,0.05086188018321991,0.00429008761420846,1756.89453125,0.9732134938240051,2.0611548023907744e-09,0,0,0.5229649543762207,-0.006120789796113968,0.9938979148864746,0.03371088206768036,-0.03693612664937973,-0.03595080226659775,0.42424777150154114,-0.006120789796113968,1,1,-0.005343533268100337,1,8,7064.875,0.42424773586009773,0.125,0,36340.625,0,81307413.92361861,6.648934713261085e-15,0.41064383042116814,59981.375,0.5831956527582497,21285.875,7.680211036741184,0.6203161540211171,90368.75,0.6719042709432006,24486.375,19.847649081915733,1.713045318628354,0.7674156296089691,111586,0.9999950259857748,36340.375,39.1014084815979,422.75,0,103.5266902170579,3.296585706159151e-08,0,421.9885820202851,6.187089808150079e-16,0,0,0,0,0,0,7,0.875,39,0.3046875,0.6953125,2,0.25,0,0,7,0.875,0,0,0,0,1,0.125,0.203125,0.25,0,0,0,0,6,0,0,1,0.0078125,0,0,0,0,0.0078125,1,0.046875,0,0,0.296875,9479,16384,2351.875,9470.9296875,0,1571,4096,4096,4096,602.314754486084,34.77327555100783,8.824162778997561,0.9333333333333333,6.938893903907228e-18,-0.26666666666666666,0.20548046676563256,28.626201629638672,0.18064667284488678,0.9999995231628418,0.05299355462193489,0.7817659378051758,2.848543897998752,2.0942070772028956,2.0680384890001733,25.398916916994494,18.142397818554286,8.604897543002153,30.942856242938433,7.049983700168582,1.3235894159879535,8.627423937999993,2.6755298490396626,0,1,0.046875,0,6
51,35878.708206919,1787548480.4053783,0.11141979694366455,0.9333333373069763,-0.2666666805744171,0.25,0.04238181933760643,0.008192380890250206,424.35400390625,0.9635230302810669,2.0611548023907744e-09,0,0,0.5426033735275269,-0.006710536777973175,0.9933120012283325,0.028714343905448914,-0.04481416940689087,-0.04454159736633301,0.4464619755744934,-0.006710536777973175,1,1,-0.006423062487934413,1,8,7158.5,0.44646196092294854,0.125,0,37630,0,5029655547.794313,2.0350274519121605e-15,0.41958472276380876,62148.25,0.5950136723785263,22082.5,11.897947217474211,0.6345616455115832,94592.375,0.685709049643052,25549.875,22.569998095188566,1.8396413981506932,0.7684143479337471,115598,0.9999958106957203,37629.75,36.476733684539795,420.125,0,167.5872462248579,8.667843778421958e-09,0,272.4648892679111,1.9952536141616988e-15,0,0,0,0,0,0,8,1,40,0.3125,0.6875,1,0.125,0,0,8,1,0,0,0,0,0,0,0.078125,0.125,0,0,0,0,1,0,0,0,0,0,0,0,0,0,0,0.0078125,0,0,0.3125,11938,16384,2367.3046875,9135.3125,0,1450,4096,4096,4096,589.5648176670074,33.20859439500782,9.371952083005453,1,8.673617379884035e-19,-0.06666666666666667,0.09128709291752768,33.21199035644531,0.167857825756073,0.9999980330467224,0.049760084599256516,0.7882500290870667,3.1488425900024595,2.109497178976767,2.062094810011331,25.065635432009003,16.99430356836615,9.33130667101068,32.02614193789486,7.2890134287732735,1.4443666720035253,44.48778735000815,4.544392122007707,0,1,0.0078125,0,1
52,36400.790667656,1787549066.6626089,0.025662017986178398,1,-0.06666667014360428,0.1250000149011612,0.04062386602163315,0.0019412898691371083,3770.671875,0.9820516109466553,2.0611548023907744e-09,0,0,0.5135776996612549,-0.0016779316356405616,0.9983235597610474,0.018206775188446045,-0.011212984099984169,-0.010701787658035755,0.4197940230369568,-0.0016779316356405616,1,1,-0.0015253924172032964,1,8,6802.25,0.41979401626310714,0.125,0,37876.875,0,2240379961.3107057,3.3090193689955e-16,0.39640442263065256,59646.125,0.5685617773473147,21394.5,9.304225060419583,0.6183063329959977,92907.875,0.6679264574017816,25108.625,23.024489929557603,1.7716142084510653,0.7666024619679381,116069,0.9999837797087355,37876.25,39.35319805145264,410.375,0,268.3609670546786,1.3621888315004016e-09,0,700.3100564478682,5.474010148077232e-16,0,0,0,0,0,0,8,1,35,0.2734375,0.7265625,1,0.125,0,0,8,1,0,0,0,0,0,0,0.109375,0.125,0,0,0,0,1,0,0,0,0,0,0,0,0,0,0,0.0078125,0,0,0.2734375,9280,16384,2354.546875,8622.3984375,0,1612,4096,4096,4096,576.9811975955963,31.807688894987223,9.352012477989774,1,8.673617379884035e-19,-0.06666666666666667,0.09128709291752768,29.982582092285156,0.1876605749130249,0.9999980330467224,0.05427529290318489,0.7742652893066406,2.601061686000321,2.0956089329845327,2.068082798999967,22.52518545500061,17.018222387155788,10.080168646993116,30.751817201075028,5.805093690045396,1.6999221099977149,106.25100715100416,11.500831321617511,0,1,0.0078125,0,1
53,36931.747279039,1787549588.5464747,0.017057927325367928,1,-0.06666667014360428,0.125,0.03922408074140549,0.001370350830256939,21647,1.0640887022018433,2.0611548023907744e-09,0,0,0.5549768805503845,-6.610634591197595e-05,0.9999338984489441,0.019818980246782303,-0.0015902533195912838,-0.0015507868956774473,0.4592161178588867,-6.610634591197595e-05,1,1,-7.961193720499675e-05,1,8,7093.5,0.45921607781715484,0.125,0,37672.75,0,871203793.7522899,8.379997250104382e-17,0.42042812672756813,62873.375,0.5980897177232941,22372.5,8.724399223464559,0.6367410093519756,95582.125,0.6874708702622985,25794.875,23.377312537981197,1.9782468115582232,0.7687363168495492,115755.875,0.9999968223301218,37672.625,40.79019498825073,433.375,0,177.28057603526452,3.5999743518742706e-09,0,2946.4003357039346,7.032171650993045e-17,0,0,0,0,0,0,8,1,27,0.2109375,0.7890625,3,0.375,0,0,8,1,0,0,0,0,0,0,0.3203125,0.375,0,0,0,0,5,0,0,1,0.0078125,0,0,0,0,0.0078125,1,0.0390625,0,0,0.203125,9718,16384,2174.671875,7298.4453125,0,1744,4096,4096,4096,512.762729883194,28.114621831002296,8.805889883005875,1,4.336808689942018e-18,-0.13333333333333333,0.1986062547968831,35.42442321777344,0.19264189898967743,0.9999977350234985,0.0562245137989521,0.7645760774612427,3.148622089996934,2.1260035202260497,2.0668355300003896,25.377331334995688,19.372092808172283,8.677778427998419,22.135091540010762,5.742258472608796,1.4969366399745923,13.978792139998404,3.913863143475851,0,1,0.0390625,0,5
54,37473.671295702,1787550120.8432937,0.10708993673324585,1,-0.13333334028720856,0.375,0.03308308869600296,0.004426083527505398,2078.193359375,0.972171425819397,2.0611548023907744e-09,0,0,0.5708913207054138,-0.005673893261700869,0.9943422079086304,0.052516549825668335,-0.04222693294286728,-0.044415805488824844,0.4768405556678772,-0.005673893261700869,1,1,-0.006395825507617233,1,8,6703.125,0.47684055463908803,0.125,0,34794.75,0,67430853789.867424,4.3995680226329335e-17,0.4186140362173523,58196.375,0.5954096131025073,20697.625,5.767921034614467,0.6419470098688604,89239.625,0.6918532791117114,24044.875,25.79036101914062,2.096572949613398,0.7690018118017743,106990.875,0.9999710690028876,34793.75,39.26223087310791,400.5,0,85.0173106685443,1.3240466047281155e-09,0,486.6478971000585,4.108903813005542e-17,0,0,0,0,0,0,8,1,28,0.21875,0.78125,2,0.25,0,0,8,1,0,0,0,0,0,0,0.21875,0.25,0,0,0,0,6,0,0,0,0,0,0,0,0,0,0,0.046875,0,0,0.21875,9305,16384,2332.828125,8085.6640625,0,1532,4096,4096,4096,521.8588123321533,30.02826296100102,8.737086676002946,1,3.469446951953614e-18,-0.3333333333333333,0.19720265943665388,30.417316436767578,0.19241955876350403,0.9999999403953552,0.05523684248328209,0.7624652981758118,3.0752273730031447,2.105207487914413,2.06775410901173,25.243240417999914,17.231105237749944,9.971731507001095,25.529601182002807,5.9288485370367425,1.3841541029833024,15.231314358999953,2.911361143640761,0,1,0.046875,0,6
55,38025.175917366,1787550664.8668942,0.08221444487571716,1,-0.3333333432674408,0.25,0.034851234406232834,0.026973512023687363,1204.3525390625,0.9667229652404785,2.0611548023907744e-09,0,0,0.5734329223632812,-0.0022471402771770954,0.9977554082870483,0.03208540752530098,-0.02106660231947899,-0.017717989161610603,0.4796521067619324,-0.0022471402771770954,1,1,-0.0023611675947904586,1,8,7072,0.47965210179201034,0.125,0,37325.25,0,587303417.8407692,4.849709261393323e-18,0.4099674657277961,60580.375,0.5845559225206465,21605.75,5.724419161364494,0.6300946586797145,93354.625,0.6786966021116546,25129.125,24.169334351086093,2.1007138958045632,0.769342654503887,114809.25,0.9999938609521278,37325,41.55203199386597,402.125,0,250.63772451237153,1.1401791635053103e-09,0,361.0333592493274,1.927653510560491e-18,0,0,0,0,0,0,8,1,26,0.203125,0.796875,1,0.125,0,0,8,1,0,0,0,0,0,0,0.1171875,0.125,0,0,0,0,1,0,0,2,0.015625,0,0,0,0,0.015625,2,0.0078125,0,0,0.1875,8804,16384,2223.6796875,7141.703125,0,1110,4096,4096,4096,534.2916629314423,28.644217177992687,10.047589232999599,1,8.673617379884035e-19,-0.06666666666666667,0.09128709291752768,32.87624740600586,0.19177164137363434,0.9999978542327881,0.0549553819000721,0.7609894275665283,3.115705125994282,2.1113366289616806,2.060740391010768,25.781276623994927,18.909094299343224,8.911839412001427,15.805041956118657,4.907702869482364,1.0105624050193,11.27390662500693,2.7289266144456406,0,1,0.0078125,0,1
56,38531.901892874,1787551214.1881664,0.015997854992747307,1,-0.06666667014360428,0.125,0.03215629607439041,0.0008991077193059027,647.86572265625,0.9588183760643005,2.0611548023907744e-09,0,0,0.5834415555000305,9.52466725721024e-05,1.000095248222351,0.01877828687429428,-0.0004051720316056162,-0.0005789456190541387,0.4916854500770569,9.52466725721024e-05,1,1,0.00011205490605503906,1,8,6763.5,0.491685400856886,0.125,0,35578.875,0,2046443619.3224258,3.988945491399884e-16,0.4146222434595456,58840.75,0.5903183494003048,20945.625,8.764757941697098,0.6370205346605151,90428.125,0.6859344745224016,24343.125,23.889378050193656,2.1444830722949084,0.7698614015109546,109539.125,0.999984417841624,35578.375,37.74517488479614,388,0,333.5635114959749,1.5584875005937962e-08,0,314.4919688899105,4.0486478990366545e-16,0,1,0.125,0,0,0,7,0.875,28,0.21875,0.78125,0,0,0,0,7,0.875,0,0,0,0,0,0,0,0,0,0,0,0,0,0,0,1,0.0078125,0,0,0,0,0.0078125,1,0,0,0,0.2109375,9251,16384,2055.671875,7426.953125,0,1553,4096,4096,4096,539.00292801857,28.380019998992793,9.308665567004937,0,0,0,0,31.79786491394043,0.20203272998332977,0.9999980926513672,0.0568707138299942,0.753648042678833,3.1086882980016526,2.108456083226656,2.063408360001631,24.53653008499532,16.262664838336036,9.79008086300746,21.006789130013203,5.25813456117055,1.5874921940267086,27.265582245992846,5.846364145438201,0,0,0,0,0
57,39042.602125455,1787551721.0469046,0,0,0,0,0.03037925995886326,0,5840.6484375,0.989698052406311,2.0611548023907744e-09,0,0,0.625505805015564,0,1,0,0,0,0.5321473479270935,0,1,1,0,1,8,6467,0.5321473364791143,0,0,32890.75,0,6421165999.487576,4.85148222140901e-17,0.41309960962612124,54274.25,0.591944241310334,19458.625,8.706857994089347,0.6387740732413124,84037.5,0.6876357948469031,22614.375,26.071847159706522,2.4128243297179064,0.7711219148562922,101451.625,0.9999892096805113,32890.375,40.16647243499756,385.25,0,177.10102730079774,4.1689199225512944e-10,0,1076.2407623356394,4.8626003254382993e-17,0,2,0.25,0,0,0,6,0.75,8,0.0625,0.9375,1,0.125,0,0,6,0.75,0,0,0,0,0,0,0.1171875,0.125,0,0,0,0,2,0,0,0,0,0,0,0,0,0,0,0.015625,0,0,0.0625,10119,16384,2585.75,5926.09375,0,1254,4096,4096,4096,496.36902475357056,24.604514621998533,9.86747583700344,0.9333333333333333,1.734723475976807e-18,-0.13333333333333333,0.12472191289246472,32.057621002197266,0.19417159259319305,0.9999966621398926,0.055032502859830856,0.7541749477386475,3.0892750410130247,2.102758058938207,2.0678630090114893,24.82011797899031,16.338047489156224,8.545559373000287,15.411873042961815,4.901053572053343,0.19714908197056502,44.234816256008344,5.0789789604845055,0,1,0.015625,0,2
58,39494.400316805,1787552231.9553509,0.048371244221925735,0.9333333373069763,-0.13333334028720856,0.125,0.030142933130264282,0.0029032048769295216,2714.05859375,0.9790456295013428,2.0611548023907744e-09,0,0,0.5863231420516968,-0.0047552804462611675,0.9952560663223267,0.012944093905389309,-0.02531067654490471,-0.02492976374924183,0.4947180449962616,-0.0047552804462611675,1,1,-0.004755280415217082,1,8,7713.875,0.4947180185500577,0.125,0,41372,0,14779650869.02579,1.9332290452995669e-16,0.4156075366378995,68485.5,0.595806242229258,24558.375,4.646393954466475,0.6448109591032166,106499,0.6940144686082286,28659.625,24.461622465756477,2.2042335094983567,0.769805782340879,127339.75,0.9999885455971984,41371.5,39.502907037734985,442,0,141.64577410418391,3.474863562740904e-10,0,913.433905454708,1.9349328911492396e-16,0,3,0.375,0,0,0,5,0.625,9,0.0703125,0.9296875,0,0,0,0,5,0.625,0,0,0,0,0,0,0,0,0,0,0,0,0,0,0,0,0,0,0,0,0,0,0,0,0,0,0.0703125,8945,16384,2696.546875,6187.75,0,1312,4096,4096,4096,500.23210287094116,25.224292129991227,10.106108321007923,0,0,0,0,32.8718147277832,0.19537772238254547,0.9999980926513672,0.0539078451693058,0.7488047480583191,2.8526652379950974,2.109567960937966,2.0644862199987983,28.222641460000887,16.93587151481313,8.55831785099872,19.74371163302567,5.262562930258355,1.5481623000086984,20.702324148005573,3.944815821922248,0,0,0,0,0
59,39979.066633394,1787552683.4438133,0,0,0,0,0.031166985630989075,0,8766.8125,0.9932003021240234,2.0611548023907744e-09,0,0,0.6058286428451538,0,1,0,0,0,0.5160770416259766,0,1,1,0,1,8,7973.125,0.5160770326794764,0,0,43144.75,0,274893651699.9932,3.1416259142123868e-15,0.41188887941998586,70619.375,0.5892352543738804,25260.75,8.37066084146538,0.6412738811729827,110007.25,0.6888018475608372,29532.25,26.227766724763256,2.3527884639705747,0.7699433519080754,132844.5,0.9999858213433732,43144.125,40.90354824066162,463.625,0,408.23421306915503,1.635205099946344e-10,0,2028.559527554871,3.138659845418183e-15,0,2,0.25,0,0,0,6,0.75,15,0.1171875,0.8828125,1,0.125,0,0,6,0.75,0,0,0,0,0,0,0.1171875,0.125,0,0,0,0,1,0,0,0,0,0,0,0,0,0,0,0.0078125,0,0,0.1171875,7114,16384,2063.15625,5639.984375,0,1442,4096,4096,4096,441.34889125823975,23.994704479002394,10.28112452699861,1,8.673617379884035e-19,-0.06666666666666667,0.09128709291752768,30.35141944885254,0.20284853875637054,0.999998927116394,0.056300193071365356,0.7506945729255676,3.130920463008806,2.1136225179608346,2.0623098600044614,23.007541569997557,16.201016880406428,9.891256682996755,13.00299805997929,4.365994575543823,1.1034197820408735,32.32479228400916,4.753083651820361,0,1,0.0078125,0,1
60,40462.895490732,1787553168.1888626,0.015064560808241367,1,-0.06666667014360428,0.125,0.02572944574058056,0.0011242905166000128,6850.9921875,0.975329577922821,2.0611548023907744e-09,0,0,0.6308003664016724,0.00017374848539475352,1.000173807144165,0.018888039514422417,0.0005529812769964337,5.176374543225393e-05,0.540595293045044,0.00017374848539475352,1,1,0.00018451165045257163,1,8,6266.5,0.5405953058634233,0.125,0,33010.5,0,19324854015.05083,3.993183223102407e-17,0.41960084928638075,55255.625,0.600007723106027,19758.75,5.6696029997856385,0.6467178231729971,85374.5,0.6965222680302832,22973.75,25.282802294294015,2.509843050336255,0.7703414408978323,101677,0.9999690804871881,33009.625,38.577741622924805,378.75,0,182.39395176861632,1.1589065411305689e-10,0,1078.4073136264115,2.2325370878557446e-17,0,2,0.25,0,0,0,3,0.375,7,0.0546875,0.9453125,3,0.375,0,0,3,0.375,0,0,0,0,3,0.375,0.375,0.375,0,0,0,0,3,0,0,0,0,0,0,0,0,0,0,0.0234375,0,0,0.0546875,8995,16384,2698.2421875,6240.6953125,0,1579,4096,4096,4096,474.2735686302185,24.894057814992266,9.7615595679963,1,5.204170427930421e-18,-0.06666666666666667,0.15811388300841894,34.498023986816406,0.1991257220506668,0.9999980926513672,0.05495713651180267,0.7517611980438232,3.1077296580042457,2.101139080178882,2.063263479998568,22.58356116300274,16.544310960453686,9.573739083993132,22.1813254460576,4.812877342620368,1.4507526090164902,6.236742799999774,2.158096707219329,0,1,0.0234375,0,3
61,40957.875805697,1787553650.4265134,0.056786440312862396,1,-0.06666667014360428,0.375,0.031185247004032135,0.002397255739197135,789.93408203125,0.9557693600654602,2.0611548023907744e-09,0,0,0.620235800743103,-0.0010615551145747304,0.998939037322998,0.05912146717309952,-0.011226838454604149,-0.01417766883969307,0.5305001735687256,-0.0010615551145747304,1,1,-0.00112296736314277,1,8,8116.25,0.5305001313866505,0.125,0,43171.875,0,22794077326.098732,3.680817685794054e-18,0.4127679742995005,71185.25,0.5887466852877761,25382.125,9.949394055409357,0.6337830637747475,109342.25,0.6816438146982126,29396.25,28.05677769916656,2.49568739869877,0.7702659031757794,133028.75,0.9999909464258501,43171.5,42.382118225097656,483,0,152.54007156673526,6.132256445381503e-11,0,245.05515892923108,3.968875267733181e-18,0,3,0.375,0,0,0,4,0.5,4,0.03125,0.96875,1,0.125,0,0,4,0.5,0,0,0,0,1,0.125,0.125,0.125,0,0,0,0,1,0,0,1,0.0078125,0,0,0,0,0.0078125,1,0.0078125,0,0,0.0234375,10087,16384,2657.0234375,5181.078125,0,1614,4096,4096,4096,473.3532147407532,22.92083112700493,10.048003411997342,1,8.673617379884035e-19,-0.06666666666666667,0.09128709291752768,44.525638580322266,0.20249298214912415,1,0.05536024644970894,0.7412125468254089,4.14880365600402,2.1111277501019003,2.0618701210041763,24.154273898006068,16.37210130582855,8.629143266996834,23.63731291903241,4.540332304332196,0.9664900920033688,8.9794930890057,2.4654595458821404,0,1,0.0078125,0,1
62,41489.537941354,1787554146.8883963,0.019008688628673553,1,-0.06666667014360428,0.125,0.028917741030454636,0.002422687830403447,5552.47265625,0.9762272238731384,2.0611548023907744e-09,0,0,0.6236816644668579,-0.0005374734755605459,0.9994627237319946,0.017363712191581726,-0.0037711479235440493,-0.004124653525650501,0.533479630947113,-0.0005374734755605459,1,1,-0.0005548113296108861,1,8,7954.375,0.5334796196943349,0.125,0,42512.375,0,64152893253.3133,3.481000177801514e-16,0.4158042664412983,70294.375,0.5922321138625704,25046,9.995186810431818,0.638478864938534,108228.125,0.6857169052009271,29045.625,29.847725664740437,2.441485994055105,0.7706816582808987,131027.25,0.9999854724177014,42511.75,37.590845584869385,452.875,0,124.23392316454657,1.1442116234060427e-10,0,1066.7384930932635,1.169517174603065e-16,0,4,0.5,0,0,0,4,0.5,7,0.0546875,0.9453125,1,0.125,0,0,4,0.5,0,0,0,0,0,0,0.1015625,0.125,0,0,0,0,1,0,0,2,0.015625,0,0,0,0,0.015625,2,0.0078125,0,0,0.0390625,7721,16384,2565.7734375,5576.953125,0,905,4096,4096,4096,486.09498929977417,24.658899970003404,8.482396466002683,1,8.673617379884035e-19,-0.06666666666666667,0.09128709291752768,49.18803405761719,0.2005237340927124,1,0.055002983659505844,0.736095666885376,2.8674613740004133,2.095853363835886,2.0691895890049636,23.172045008002897,16.778087333102235,9.187626629995066,24.592909100974794,4.93160948019829,1.0082571639795788,9.581735513012973,3.2415136624765637,0,1,0.0078125,0,1
63,41535.116803117,1787554680.8497694,0.016055623069405556,1,-0.06666667014360428,0.125,0.028158584609627724,0.0007194103673100471,962.59912109375,0.9636923670768738,2.0611548023907744e-09,0,0,0.6288838982582092,0.0001245247112819925,1.0001245737075806,0.017495041713118553,-0.00042206287616863847,-0.0005464960122480989,0.5406705737113953,0.0001245247112819925,1,1,0.00010702949910124472,1,8,7555.875,0.540670558423183,0.125,0,41052.375,0,610947671.0576525,1.1011444639728264e-16,0.40666580056274715,66797.5,0.5812108873276282,23870.25,6.478766629850725,0.6313321547742773,103769,0.6777096970294463,27843.875,26.475103734508593,2.531394286436006,0.7706591010269426,126535.875,0.9999866327273881,41051.75,41.81050968170166,436.625,0,382.2019475278251,9.80579182263556e-10,0,451.2877021263616,7.637377149236463e-17,0,4,0.5,0,0,0,4,0.5,4,0.03125,0.96875,2,0.25,0,0,4,0.5,0,0,0,0,0,0,0.234375,0.25,0,0,0,0,2,0,0,0,0,0,0,0,0,0,0,0.015625,0,0,0.03125,6568,16384,2501.8046875,5071.296875,0,1343,4096,4096,4096,524.8111886978149,23.57939176799846,9.97225619701203,1,1.734723475976807e-18,-0.06666666666666667,0.12909944487358055,35.48573303222656,0.20644889771938324,1,0.056290436536073685,0.7409582138061523,3.154641638000612,2.103304162843642,2.0644378599972697,29.759643147990573,16.974943676733687,10.315834339999128,25.14478954000515,4.3218480735786216,1.1747090209828457,7.517178662004881,2.6195147402032717,0,1,0.015625,0,2
